,ucid,court,year,cid,docket_index,entry_date,original_text,full_span_start,full_span_end,extracted_pre_5,extracted_entity,extracted_post_5,Ent_span_start,Ent_span_end,docket_source,Entity_Extraction_Method
862141,ilnd;;1:17-cv-02937,ilnd,2017,1:17-cv-02937,3,04/19/2017,"CASE ASSIGNED to the Honorable Robert M. Dow, Jr. Designated as Magistrate Judge the Honorable Sheila",0,101,CASE ASSIGNED to the Honorable,"Robert M. Dow, Jr.",Designated as Magistrate Judge the Honorable Sheila,31,49,line_entry,SPACY JNLP2
862142,ilnd;;1:17-cv-02937,ilnd,2017,1:17-cv-02937,5,04/25/2017,"MINUTE entry before the Honorable Robert M. Dow, Jr: Initial status hearing is set for",0,86,MINUTE entry before the Honorable,"Robert M. Dow, Jr",: Initial status hearing is set for,34,51,line_entry,SPACY JNLP2
862143,ilnd;;1:17-cv-02937,ilnd,2017,1:17-cv-02937,7,06/25/2017,V Shah for presentment of before Honorable Robert M. Dow Jr. on 7/18/2017 at,42,118,V Shah for presentment of before Honorable,Robert M. Dow Jr.,on 7/18/2017 at,85,102,line_entry,SPACY JNLP2
862144,ilnd;;1:17-cv-02937,ilnd,2017,1:17-cv-02937,9,06/27/2017,"MINUTE entry before the Honorable Robert M. Dow, Jr: Status hearing held and continued to",0,89,MINUTE entry before the Honorable,"Robert M. Dow, Jr",: Status hearing held and continued to,34,51,line_entry,SPACY JNLP2
862145,ilnd;;1:17-cv-02937,ilnd,2017,1:17-cv-02937,9,06/27/2017,"Deputy for a referral to Magistrate Judge Finnegan. Mailed notice (cdh, )",420,493,Deputy for a referral to Magistrate Judge,Finnegan,". Mailed notice (cdh, )",462,470,line_entry,SPACY JNLP2
862146,ilnd;;1:17-cv-02937,ilnd,2017,1:17-cv-02937,10,07/18/2017,"MINUTE entry before the Honorable Robert M. Dow, Jr: Motion hearing held. Mr. Marks",0,83,MINUTE entry before the Honorable,"Robert M. Dow, Jr",: Motion hearing held. Mr. Marks,34,51,line_entry,SPACY JNLP2
862147,ilnd;;1:17-cv-02937,ilnd,2017,1:17-cv-02937,12,09/07/2017,"MINUTE entry before the Honorable Robert M. Dow, Jr: Status hearing set for 9/",0,78,MINUTE entry before the Honorable,"Robert M. Dow, Jr",: Status hearing set for 9/,34,51,line_entry,SPACY JNLP2
862148,ilnd;;1:17-cv-02937,ilnd,2017,1:17-cv-02937,13,09/13/2017,"MINUTE entry before the Honorable Robert M. Dow, Jr: Status hearing held. Mr. Marks",0,83,MINUTE entry before the Honorable,"Robert M. Dow, Jr",: Status hearing held. Mr. Marks,34,51,line_entry,SPACY JNLP2
862149,ilnd;;1:17-cv-02937,ilnd,2017,1:17-cv-02937,14,10/26/2017,"MINUTE entry before the Honorable Robert M. Dow, Jr: Counsel for the Plaintiff has been",0,87,MINUTE entry before the Honorable,"Robert M. Dow, Jr",: Counsel for the Plaintiff has been,34,51,line_entry,SPACY JNLP2
862150,ilnd;;1:17-cv-02937,ilnd,2017,1:17-cv-02937,16,11/02/2017,"MINUTE entry before the Honorable Robert M. Dow, Jr: By agreement of the parties,",0,81,MINUTE entry before the Honorable,"Robert M. Dow, Jr",": By agreement of the parties,",34,51,line_entry,SPACY JNLP2
862151,ilnd;;1:17-cv-02937,ilnd,2017,1:17-cv-02937,19,01/05/2018,"is granted. Signed by the Honorable Robert M. Dow, Jr on 1/5/2018.",145,211,is granted. Signed by the Honorable,"Robert M. Dow, Jr",on 1/5/2018.,181,198,line_entry,SPACY JNLP2
862152,ilnd;;1:17-cv-02937,ilnd,2017,1:17-cv-02937,22,01/25/2018,motion for miscellaneous relief 21 before Honorable Robert M. Dow Jr. on 1/31/2018 at,60,145,motion for miscellaneous relief 21 before Honorable,Robert M. Dow Jr.,on 1/31/2018 at,112,129,line_entry,SPACY JNLP2
862153,ilnd;;1:17-cv-02937,ilnd,2017,1:17-cv-02937,25,01/29/2018,motion for summary judgment 24 before Honorable Robert M. Dow Jr. on 2/7/2018 at,93,173,motion for summary judgment 24 before Honorable,Robert M. Dow Jr.,on 2/7/2018 at,141,158,line_entry,SPACY JNLP2
862154,ilnd;;1:17-cv-02937,ilnd,2017,1:17-cv-02937,26,01/30/2018,"MINUTE entry before the Honorable Robert M. Dow, Jr: In view of the correspondence from",0,87,MINUTE entry before the Honorable,"Robert M. Dow, Jr",: In view of the correspondence from,34,51,line_entry,SPACY JNLP2
862155,ilnd;;1:17-cv-02937,ilnd,2017,1:17-cv-02937,27,02/07/2018,"MINUTE entry before the Honorable Robert M. Dow, Jr: Motion hearing held. Combined motion",0,89,MINUTE entry before the Honorable,"Robert M. Dow, Jr",: Motion hearing held. Combined motion,34,51,line_entry,SPACY JNLP2
862156,ilnd;;1:17-cv-02937,ilnd,2017,1:17-cv-02937,36,03/08/2018,/lack of jurisdiction 31 before Honorable Robert M. Dow Jr. on 3/20/2018 at,92,167,/lack of jurisdiction 31 before Honorable,Robert M. Dow Jr.,on 3/20/2018 at,134,151,line_entry,SPACY JNLP2
862157,ilnd;;1:17-cv-02937,ilnd,2017,1:17-cv-02937,38,03/08/2018,of extension of time 36 before Honorable Robert M. Dow Jr. on 3/20/2018 at,57,131,of extension of time 36 before Honorable,Robert M. Dow Jr.,on 3/20/2018 at,98,115,line_entry,SPACY JNLP2
862158,ilnd;;1:17-cv-02937,ilnd,2017,1:17-cv-02937,43,03/14/2018,motion for summary judgment 41 before Honorable Robert M. Dow Jr. on 3/20/2018 at,60,141,motion for summary judgment 41 before Honorable,Robert M. Dow Jr.,on 3/20/2018 at,108,125,line_entry,SPACY JNLP2
862159,ilnd;;1:17-cv-02937,ilnd,2017,1:17-cv-02937,44,03/20/2018,"pending motions. Signed by the Honorable Robert M. Dow, Jr on 3/20/2018.",896,968,pending motions. Signed by the Honorable,"Robert M. Dow, Jr",on 3/20/2018.,937,954,line_entry,SPACY JNLP2
862160,ilnd;;1:17-cv-02937,ilnd,2017,1:17-cv-02937,47,04/11/2018,"MINUTE entry before the Honorable Robert M. Dow, Jr: Agreed motion for protective order 45",0,90,MINUTE entry before the Honorable,"Robert M. Dow, Jr",: Agreed motion for protective order 45,34,51,line_entry,SPACY JNLP2
862161,ilnd;;1:17-cv-02937,ilnd,2017,1:17-cv-02937,47,04/11/2018,to submit a proposed order to Judge Dow's Proposed Order Box in Word format.,111,187,to submit a proposed order to Judge,Dow's,Proposed Order Box in Word format.,147,152,line_entry,SPACY JNLP2
862162,ilnd;;1:17-cv-02937,ilnd,2017,1:17-cv-02937,51,04/13/2018,for leave to file 49 before Honorable Robert M. Dow Jr. on 4/18/2018 at,123,194,for leave to file 49 before Honorable,Robert M. Dow Jr.,on 4/18/2018 at,161,178,line_entry,SPACY JNLP2
862163,ilnd;;1:17-cv-02937,ilnd,2017,1:17-cv-02937,52,04/16/2018,"MINUTE entry before the Honorable Robert M. Dow, Jr: Plaintiff's motion for leave to",0,84,MINUTE entry before the Honorable,"Robert M. Dow, Jr",: Plaintiff's motion for leave to,34,51,line_entry,SPACY JNLP2
862164,ilnd;;1:17-cv-02937,ilnd,2017,1:17-cv-02937,54,08/20/2018,"AND OPINION ORDER Signed by the Honorable Robert M. Dow, Jr. on 8/20/2018.",11,85,AND OPINION ORDER Signed by the Honorable,"Robert M. Dow, Jr.",on 8/20/2018.,53,71,line_entry,SPACY JNLP2
862165,ilnd;;1:17-cv-02937,ilnd,2017,1:17-cv-02937,56,09/06/2018,"MINUTE entry before the Honorable Robert M. Dow, Jr: Status hearing held and continued to",0,89,MINUTE entry before the Honorable,"Robert M. Dow, Jr",: Status hearing held and continued to,34,51,line_entry,SPACY JNLP2
862166,ilnd;;1:17-cv-02937,ilnd,2017,1:17-cv-02937,59,10/12/2018,of motion to compel 57 before Honorable Robert M. Dow Jr. on 10/18/2018 at,57,131,of motion to compel 57 before Honorable,Robert M. Dow Jr.,on 10/18/2018 at,97,114,line_entry,SPACY JNLP2
862167,ilnd;;1:17-cv-02937,ilnd,2017,1:17-cv-02937,61,10/18/2018,"MINUTE entry before the Honorable Robert M. Dow, Jr: Plaintiff's motion to compel discovery",0,91,MINUTE entry before the Honorable,"Robert M. Dow, Jr",: Plaintiff's motion to compel discovery,34,51,line_entry,SPACY JNLP2
862168,ilnd;;1:17-cv-02937,ilnd,2017,1:17-cv-02937,64,11/05/2018,"motion for sanctions, 62 before Honorable Robert M. Dow Jr. on 11/14/2018 at",60,136,"motion for sanctions, 62 before Honorable",Robert M. Dow Jr.,on 11/14/2018 at,102,119,line_entry,SPACY JNLP2
862169,ilnd;;1:17-cv-02937,ilnd,2017,1:17-cv-02937,65,11/14/2018,"MINUTE entry before the Honorable Robert M. Dow, Jr: Status and motion hearing held.",0,84,MINUTE entry before the Honorable,"Robert M. Dow, Jr",: Status and motion hearing held.,34,51,line_entry,SPACY JNLP2
862170,ilnd;;1:17-cv-02937,ilnd,2017,1:17-cv-02937,67,11/19/2018,to State a Claim 65 before Honorable Robert M. Dow Jr. on 11/27/2018 at,82,153,to State a Claim 65 before Honorable,Robert M. Dow Jr.,on 11/27/2018 at,119,136,line_entry,SPACY JNLP2
862171,ilnd;;1:17-cv-02937,ilnd,2017,1:17-cv-02937,68,11/20/2018,to State a Claim 65 before Honorable Robert M. Dow Jr. on 11/29/2018 at,90,161,to State a Claim 65 before Honorable,Robert M. Dow Jr.,on 11/29/2018 at,127,144,line_entry,SPACY JNLP2
862172,ilnd;;1:17-cv-02937,ilnd,2017,1:17-cv-02937,69,11/29/2018,"MINUTE entry before the Honorable Robert M. Dow, Jr: Motion hearing held. Counsel for",0,85,MINUTE entry before the Honorable,"Robert M. Dow, Jr",: Motion hearing held. Counsel for,34,51,line_entry,SPACY JNLP2
862173,ilnd;;1:17-cv-02937,ilnd,2017,1:17-cv-02937,72,06/03/2019,":00 a.m. Signed by the Honorable Robert M. Dow, Jr on 6/3/2019.",173,236,:00 a.m. Signed by the Honorable,"Robert M. Dow, Jr",on 6/3/2019.,206,223,line_entry,SPACY JNLP2
862174,ilnd;;1:17-cv-02937,ilnd,2017,1:17-cv-02937,73,06/11/2019,"MINUTE entry before the Honorable Robert M. Dow, Jr: For the reasons discussed on the",0,85,MINUTE entry before the Honorable,"Robert M. Dow, Jr",: For the reasons discussed on the,34,51,line_entry,SPACY JNLP2
862175,ilnd;;1:17-cv-02937,ilnd,2017,1:17-cv-02937,75,06/13/2019,"MINUTE entry before the Honorable Robert M. Dow, Jr: When filing a motion, the",0,78,MINUTE entry before the Honorable,"Robert M. Dow, Jr",": When filing a motion, the",34,51,line_entry,SPACY JNLP2
862176,ilnd;;1:17-cv-02937,ilnd,2017,1:17-cv-02937,76,06/13/2019,time to complete discovery 73 before Honorable Robert M. Dow Jr. on 6/19/2019 at,84,164,time to complete discovery 73 before Honorable,Robert M. Dow Jr.,on 6/19/2019 at,131,148,line_entry,SPACY JNLP2
862177,ilnd;;1:17-cv-02937,ilnd,2017,1:17-cv-02937,78,06/18/2019,"MINUTE entry before the Honorable Robert M. Dow, Jr: Motion by Defendants Jeffrey Hicks and",0,91,MINUTE entry before the Honorable,"Robert M. Dow, Jr",: Motion by Defendants Jeffrey Hicks and,34,51,line_entry,SPACY JNLP2
862178,ilnd;;1:17-cv-02937,ilnd,2017,1:17-cv-02937,81,06/28/2019,"motion for sanctions, 79 before Honorable Robert M. Dow Jr. on 7/9/2019 at",60,134,"motion for sanctions, 79 before Honorable",Robert M. Dow Jr.,on 7/9/2019 at,102,119,line_entry,SPACY JNLP2
862179,ilnd;;1:17-cv-02937,ilnd,2017,1:17-cv-02937,82,07/08/2019,"MINUTE entry before the Honorable Robert M. Dow, Jr: Plaintiff's motion for sanctions 79",0,88,MINUTE entry before the Honorable,"Robert M. Dow, Jr",: Plaintiff's motion for sanctions 79,34,51,line_entry,SPACY JNLP2
862180,ilnd;;1:17-cv-02937,ilnd,2017,1:17-cv-02937,84,07/09/2019,of motion to quash 82 before Honorable Robert M. Dow Jr. on 7/16/2019 at,49,121,of motion to quash 82 before Honorable,Robert M. Dow Jr.,on 7/16/2019 at,88,105,line_entry,SPACY JNLP2
862181,ilnd;;1:17-cv-02937,ilnd,2017,1:17-cv-02937,85,07/16/2019,"sanctions 79 . Signed by the Honorable Robert M. Dow, Jr on 7/16/2019.",168,238,sanctions 79 . Signed by the Honorable,"Robert M. Dow, Jr",on 7/16/2019.,207,224,line_entry,SPACY JNLP2
862182,ilnd;;1:17-cv-02937,ilnd,2017,1:17-cv-02937,88,08/20/2019,"MINUTE entry before the Honorable Robert M. Dow, Jr: On the Court's own motion",0,78,MINUTE entry before the Honorable,"Robert M. Dow, Jr",: On the Court's own motion,34,51,line_entry,SPACY JNLP2
862183,ilnd;;1:17-cv-02937,ilnd,2017,1:17-cv-02937,89,08/23/2019,form the initial calendar of the Honorable Martha M. Pacold; therefore IT IS HEREBY ORDERED that,198,294,form the initial calendar of the Honorable,Martha M. Pacold,; therefore IT IS HEREBY ORDERED that,241,257,line_entry,SPACY JNLP2
862184,ilnd;;1:17-cv-02937,ilnd,2017,1:17-cv-02937,89,08/23/2019,342 cases be reassigned to the Honorable Martha M. Pacold; and IT IS FURTHER ORDERED that,316,405,342 cases be reassigned to the Honorable,Martha M. Pacold,; and IT IS FURTHER ORDERED that,357,373,line_entry,SPACY JNLP2
862185,ilnd;;1:17-cv-02937,ilnd,2017,1:17-cv-02937,89,08/23/2019,by this Order must review the Honorable Martha M. Pacolds webpage on the Courts website for the,427,522,by this Order must review the Honorable,Martha M. Pacolds,webpage on the Courts website for the,467,484,line_entry,SPACY JNLP2
862186,ilnd;;1:17-cv-02937,ilnd,2017,1:17-cv-02937,89,08/23/2019,Court is directed to add the Honorable Martha M. Pacold to the Courts civil case assignment system,882,980,Court is directed to add the Honorable,Martha M. Pacold,to the Courts civil case assignment system,921,937,line_entry,SPACY JNLP2
862187,ilnd;;1:17-cv-02937,ilnd,2017,1:17-cv-02937,89,08/23/2019,Court is directed to add the Honorable Martha M. Pacold to the Courts criminal case assignment system,1109,1210,Court is directed to add the Honorable,Martha M. Pacold,to the Courts criminal case assignment system,1148,1164,line_entry,SPACY JNLP2
862188,ilnd;;1:17-cv-02937,ilnd,2017,1:17-cv-02937,89,08/23/2019,cases. Case reassigned to the Honorable Martha M. Pacold for all further proceedings. Honorable Robert,1299,1401,cases. Case reassigned to the Honorable,Martha M. Pacold,for all further proceedings. Honorable Robert,1339,1355,line_entry,SPACY JNLP2
862189,ilnd;;1:17-cv-02937,ilnd,2017,1:17-cv-02937,89,08/23/2019,"Pacold for all further proceedings. Honorable Robert M. Dow, Jr no longer assigned to the case.",1349,1444,Pacold for all further proceedings. Honorable,"Robert M. Dow, Jr",no longer assigned to the case.,1395,1412,line_entry,SPACY JNLP2
862190,ilnd;;1:17-cv-02937,ilnd,2017,1:17-cv-02937,89,08/23/2019,to the case. Signed by Honorable Rebecca R. Pallmeyer on 8/23/2019.,1432,1499,to the case. Signed by Honorable,Rebecca R. Pallmeyer,on 8/23/2019.,1465,1485,line_entry,SPACY JNLP2
862191,ilnd;;1:17-cv-02937,ilnd,2017,1:17-cv-02937,90,09/20/2019,MINUTE entry before the Honorable Martha M. Pacold: The parties are directed to file,0,84,MINUTE entry before the Honorable,Martha M. Pacold,: The parties are directed to file,34,50,line_entry,SPACY JNLP2
862192,ilnd;;1:17-cv-02937,ilnd,2017,1:17-cv-02937,93,10/09/2019,MINUTE entry before the Honorable Martha M. Pacold:Status hearing held on 10/,0,77,MINUTE entry before the Honorable,Martha M. Pacold,:Status hearing held on 10/,34,50,line_entry,SPACY JNLP2
862193,ilnd;;1:17-cv-02937,ilnd,2017,1:17-cv-02937,94,11/15/2019,MINUTE entry before the Honorable Martha M. Pacold:The parties filed their status reports,0,89,MINUTE entry before the Honorable,Martha M. Pacold,:The parties filed their status reports,34,50,line_entry,SPACY JNLP2
862194,ilnd;;1:17-cv-02937,ilnd,2017,1:17-cv-02937,95,11/20/2019,ORDER: Case referred to the Honorable Jeffrey Cole pursuant to Local Rule 72.1,20,98,ORDER: Case referred to the Honorable,Jeffrey Cole,pursuant to Local Rule 72.1,58,70,line_entry,SPACY JNLP2
862195,ilnd;;1:17-cv-02937,ilnd,2017,1:17-cv-02937,96,11/21/2019,MINUTE entry before the Honorable Jeffrey Cole: Status hearing is set for 11,0,76,MINUTE entry before the Honorable,Jeffrey Cole,: Status hearing is set for 11,34,46,line_entry,SPACY JNLP2
862196,ilnd;;1:17-cv-02937,ilnd,2017,1:17-cv-02937,97,11/21/2019,MINUTE entry before the Honorable Jeffrey Cole:The email/motion request by,0,74,MINUTE entry before the Honorable,Jeffrey Cole,:The email/motion request by,34,46,line_entry,SPACY JNLP2
862197,ilnd;;1:17-cv-02937,ilnd,2017,1:17-cv-02937,101,12/06/2019,of motion to continue 99 before Honorable Jeffrey Cole on 12/12/2019 at,69,140,of motion to continue 99 before Honorable,Jeffrey Cole,on 12/12/2019 at,111,123,line_entry,SPACY JNLP2
862198,ilnd;;1:17-cv-02937,ilnd,2017,1:17-cv-02937,102,12/06/2019,ORDER Signed by the Honorable Martha M. Pacold on 12/6/2019:,0,60,ORDER Signed by the Honorable,Martha M. Pacold,on 12/6/2019:,30,46,line_entry,SPACY JNLP2
862199,ilnd;;1:17-cv-02937,ilnd,2017,1:17-cv-02937,103,12/09/2019,MINUTE entry before the Honorable Jeffrey Cole: Plaintiff's Motion to Reset the,0,79,MINUTE entry before the Honorable,Jeffrey Cole,: Plaintiff's Motion to Reset the,34,46,line_entry,SPACY JNLP2
862200,ilnd;;1:17-cv-02937,ilnd,2017,1:17-cv-02937,105,12/18/2019,MINUTE entry before the Honorable Jeffrey Cole:Status hearing held on 12/,0,73,MINUTE entry before the Honorable,Jeffrey Cole,:Status hearing held on 12/,34,46,line_entry,SPACY JNLP2
862201,ilnd;;1:17-cv-02937,ilnd,2017,1:17-cv-02937,105,12/18/2019,5601 to reschedule status hearing if Judge Pacold has not ruled on the pending motion,179,264,5601 to reschedule status hearing if Judge,Pacold,has not ruled on the pending motion,222,228,line_entry,SPACY JNLP2
862202,ilnd;;1:17-cv-02937,ilnd,2017,1:17-cv-02937,106,01/08/2020,MINUTE entry before the Honorable Martha M. Pacold:The Court will hold a status,0,79,MINUTE entry before the Honorable,Martha M. Pacold,:The Court will hold a status,34,50,line_entry,SPACY JNLP2
862203,ilnd;;1:17-cv-02937,ilnd,2017,1:17-cv-02937,107,01/08/2020,MINUTE entry before the Honorable Martha M. Pacold:The status hearing set for 1,0,79,MINUTE entry before the Honorable,Martha M. Pacold,:The status hearing set for 1,34,50,line_entry,SPACY JNLP2
862204,ilnd;;1:17-cv-02937,ilnd,2017,1:17-cv-02937,108,01/13/2020,MINUTE entry before the Honorable Martha M. Pacold:The status hearing set for 1,0,79,MINUTE entry before the Honorable,Martha M. Pacold,:The status hearing set for 1,34,50,line_entry,SPACY JNLP2
862205,ilnd;;1:17-cv-02937,ilnd,2017,1:17-cv-02937,111,01/28/2020,to file excess pages 109 before Honorable Martha M. Pacold on 2/4/2020 at,89,162,to file excess pages 109 before Honorable,Martha M. Pacold,on 2/4/2020 at,131,147,line_entry,SPACY JNLP2
862206,ilnd;;1:17-cv-02937,ilnd,2017,1:17-cv-02937,112,01/29/2020,MINUTE entry before the Honorable Martha M. Pacold: Status hearing and motion hearing held,0,90,MINUTE entry before the Honorable,Martha M. Pacold,: Status hearing and motion hearing held,34,50,line_entry,SPACY JNLP2
862207,ilnd;;1:17-cv-02937,ilnd,2017,1:17-cv-02937,116,01/31/2020,MINUTE entry before the Honorable Jeffrey Cole: Status hearing held 1/31,0,72,MINUTE entry before the Honorable,Jeffrey Cole,: Status hearing held 1/31,34,46,line_entry,SPACY JNLP2
862208,ilnd;;1:17-cv-02937,ilnd,2017,1:17-cv-02937,116,01/31/2020,5601 to reschedule status hearing once Judge Pacold has ruled on the pending motion for,115,202,5601 to reschedule status hearing once Judge,Pacold,has ruled on the pending motion for,160,166,line_entry,SPACY JNLP2
862209,ilnd;;1:17-cv-02937,ilnd,2017,1:17-cv-02937,116,01/31/2020,set. Discovery is stayed pending Judge Pacold's ruling and the next status conference.,251,337,set. Discovery is stayed pending Judge,Pacold's,ruling and the next status conference.,290,298,line_entry,SPACY JNLP2
862210,ilnd;;1:17-cv-02937,ilnd,2017,1:17-cv-02937,117,02/11/2020,ORDER Signed by the Honorable Martha M. Pacold on 2/11/2020:,0,60,ORDER Signed by the Honorable,Martha M. Pacold,on 2/11/2020:,30,46,line_entry,SPACY JNLP2
862211,ilnd;;1:17-cv-02937,ilnd,2017,1:17-cv-02937,121,03/02/2020,of extension of time 119 before Honorable Martha M. Pacold on 3/5/2020 at,49,122,of extension of time 119 before Honorable,Martha M. Pacold,on 3/5/2020 at,91,107,line_entry,SPACY JNLP2
862212,ilnd;;1:17-cv-02937,ilnd,2017,1:17-cv-02937,122,03/05/2020,MINUTE entry before the Honorable Martha M. Pacold:Motion hearing set for 3/,0,76,MINUTE entry before the Honorable,Martha M. Pacold,:Motion hearing set for 3/,34,50,line_entry,SPACY JNLP2
862213,ilnd;;1:17-cv-02937,ilnd,2017,1:17-cv-02937,123,03/05/2020,ORDER Signed by the Honorable Martha M. Pacold on 3/5/2020:,0,59,ORDER Signed by the Honorable,Martha M. Pacold,on 3/5/2020:,30,46,line_entry,SPACY JNLP2
862214,ilnd;;1:17-cv-02937,ilnd,2017,1:17-cv-02937,124,03/16/2020,"PUBLIC EMERGENCY Signed by the Chief Judge Rebecca R. Pallmeyer on March 16, 2020. All",64,150,PUBLIC EMERGENCY Signed by the Chief Judge,Rebecca R. Pallmeyer,"on March 16, 2020. All",107,127,line_entry,SPACY JNLP2
862215,ilnd;;1:17-cv-02937,ilnd,2017,1:17-cv-02937,124,03/16/2020,for guidance.Signed by the Honorable Rebecca R. Pallmeyer on 3/16/2020:,225,296,for guidance.Signed by the Honorable,Rebecca R. Pallmeyer,on 3/16/2020:,262,282,line_entry,SPACY JNLP2
862216,ilnd;;1:17-cv-02937,ilnd,2017,1:17-cv-02937,125,03/30/2020,"PUBLIC EMERGENCY Signed by the Chief Judge Rebecca R. Pallmeyer on March 30, 2020. All",73,159,PUBLIC EMERGENCY Signed by the Chief Judge,Rebecca R. Pallmeyer,"on March 30, 2020. All",116,136,line_entry,SPACY JNLP2
862217,ilnd;;1:17-cv-02937,ilnd,2017,1:17-cv-02937,125,03/30/2020,for guidance.Signed by the Honorable Rebecca R. Pallmeyer on 3/30/2020:,412,483,for guidance.Signed by the Honorable,Rebecca R. Pallmeyer,on 3/30/2020:,449,469,line_entry,SPACY JNLP2
862218,ilnd;;1:17-cv-02937,ilnd,2017,1:17-cv-02937,126,04/03/2020,MINUTE entry before the Honorable Martha M. Pacold:Consistent with Second Amended General Order,0,95,MINUTE entry before the Honorable,Martha M. Pacold,:Consistent with Second Amended General Order,34,50,line_entry,SPACY JNLP2
862219,ilnd;;1:17-cv-02937,ilnd,2017,1:17-cv-02937,127,04/24/2020,"PUBLIC EMERGENCY Signed by the Chief Judge Rebecca R. Pallmeyer on April 24, 2020. All",70,156,PUBLIC EMERGENCY Signed by the Chief Judge,Rebecca R. Pallmeyer,"on April 24, 2020. All",113,133,line_entry,SPACY JNLP2
862220,ilnd;;1:17-cv-02937,ilnd,2017,1:17-cv-02937,127,04/24/2020,attached Order. Signed by the Honorable Rebecca R. Pallmeyer on 4/24/2020:,404,478,attached Order. Signed by the Honorable,Rebecca R. Pallmeyer,on 4/24/2020:,444,464,line_entry,SPACY JNLP2
862221,ilnd;;1:17-cv-02937,ilnd,2017,1:17-cv-02937,128,04/29/2020,MINUTE entry before the Honorable Martha M. Pacold:By operation of the Third Amended,0,84,MINUTE entry before the Honorable,Martha M. Pacold,:By operation of the Third Amended,34,50,line_entry,SPACY JNLP2
862222,ilnd;;1:17-cv-02937,ilnd,2017,1:17-cv-02937,131,05/26/2020,MINUTE entry before the Honorable Martha M. Pacold:The court has reviewed the parties,0,85,MINUTE entry before the Honorable,Martha M. Pacold,:The court has reviewed the parties,34,50,line_entry,SPACY JNLP2
862223,ilnd;;1:17-cv-02937,ilnd,2017,1:17-cv-02937,132,05/26/2020,"PUBLIC EMERGENCY Signed by the Chief Judge Rebecca R. Pallmeyer on May 26, 2020. This",77,162,PUBLIC EMERGENCY Signed by the Chief Judge,Rebecca R. Pallmeyer,"on May 26, 2020. This",120,140,line_entry,SPACY JNLP2
862224,ilnd;;1:17-cv-02937,ilnd,2017,1:17-cv-02937,132,05/26/2020,attached Order. Signed by the Honorable Rebecca R. Pallmeyer on 5/26/2020:,339,413,attached Order. Signed by the Honorable,Rebecca R. Pallmeyer,on 5/26/2020:,379,399,line_entry,SPACY JNLP2
862225,ilnd;;1:17-cv-02937,ilnd,2017,1:17-cv-02937,133,06/04/2020,MINUTE entry before the Honorable Jeffrey Cole: Telephonic status conference is set for,0,87,MINUTE entry before the Honorable,Jeffrey Cole,: Telephonic status conference is set for,34,46,line_entry,SPACY JNLP2
862226,ilnd;;1:17-cv-02937,ilnd,2017,1:17-cv-02937,137,06/16/2020,motion for miscellaneous relief 135 before Honorable Martha M. Pacold on 6/25/2020 at,52,137,motion for miscellaneous relief 135 before Honorable,Martha M. Pacold,on 6/25/2020 at,105,121,line_entry,SPACY JNLP2
862227,ilnd;;1:17-cv-02937,ilnd,2017,1:17-cv-02937,141,06/23/2020,motion for miscellaneous relief 135 before Honorable Martha M. Pacold on 7/16/2020 at,62,147,motion for miscellaneous relief 135 before Honorable,Martha M. Pacold,on 7/16/2020 at,115,131,line_entry,SPACY JNLP2
862228,ilnd;;1:17-cv-02937,ilnd,2017,1:17-cv-02937,144,07/02/2020,for leave to file 142 before Honorable Martha M. Pacold on 7/16/2020 at,67,138,for leave to file 142 before Honorable,Martha M. Pacold,on 7/16/2020 at,106,122,line_entry,SPACY JNLP2
862229,ilnd;;1:17-cv-02937,ilnd,2017,1:17-cv-02937,145,07/02/2020,MINUTE entry before the Honorable Jeffrey Cole:Telephone status conference held on 7,0,84,MINUTE entry before the Honorable,Jeffrey Cole,:Telephone status conference held on 7,34,46,line_entry,SPACY JNLP2
862230,ilnd;;1:17-cv-02937,ilnd,2017,1:17-cv-02937,146,07/10/2020,"PUBLIC EMERGENCY Signed by the Chief Judge Rebecca R. Pallmeyer on July 10, 2020. This",70,156,PUBLIC EMERGENCY Signed by the Chief Judge,Rebecca R. Pallmeyer,"on July 10, 2020. This",113,133,line_entry,SPACY JNLP2
862231,ilnd;;1:17-cv-02937,ilnd,2017,1:17-cv-02937,146,07/10/2020,attached Order. Signed by the Honorable Rebecca R. Pallmeyer on 7/10/2020:,399,473,attached Order. Signed by the Honorable,Rebecca R. Pallmeyer,on 7/10/2020:,439,459,line_entry,SPACY JNLP2
862232,ilnd;;1:17-cv-02937,ilnd,2017,1:17-cv-02937,147,07/14/2020,MINUTE entry before the Honorable Martha M. Pacold:Consistent with Fifth Amended General Order,0,94,MINUTE entry before the Honorable,Martha M. Pacold,:Consistent with Fifth Amended General Order,34,50,line_entry,SPACY JNLP2
1953662,ilnd;;1:14-cv-06679,ilnd,2014,1:14-cv-06679,4,09/18/2014,"Cases"" were assigned to the Honorable Robert W. Gettleman pursuant to IOP 13(e)",237,316,"Cases"" were assigned to the Honorable",Robert W. Gettleman,pursuant to IOP 13(e),275,294,line_entry,SPACY JNLP2
1953663,ilnd;;1:14-cv-06679,ilnd,2014,1:14-cv-06679,4,09/18/2014,13(e) and Magistrate Judge Jeffrey Cole. As additional Division 3 Cases were,311,387,13(e) and Magistrate Judge,Jeffrey Cole,. As additional Division 3 Cases were,338,350,line_entry,SPACY JNLP2
1953664,ilnd;;1:14-cv-06679,ilnd,2014,1:14-cv-06679,4,09/18/2014,those cases were also assigned to Judges Gettleman and Cole for coordinated pretrial proceedings.,427,524,those cases were also assigned to Judges,Gettleman,and Cole for coordinated pretrial proceedings.,468,477,line_entry,SPACY JNLP2
1953665,ilnd;;1:14-cv-06679,ilnd,2014,1:14-cv-06679,4,09/18/2014,", being presided over by the Honorable Virginia Kendall in connection with the enforcement and monitoring",1127,1232,", being presided over by the Honorable",Virginia Kendall,in connection with the enforcement and monitoring,1166,1182,line_entry,SPACY JNLP2
1953666,ilnd;;1:14-cv-06679,ilnd,2014,1:14-cv-06679,4,09/18/2014,decree entered in that case. Judge Kendall has volunteered to handle all such cases,1246,1329,decree entered in that case. Judge,Kendall,has volunteered to handle all such cases,1281,1288,line_entry,SPACY JNLP2
1953667,ilnd;;1:14-cv-06679,ilnd,2014,1:14-cv-06679,4,09/18/2014,"IOP 13(e) to Judge Kendall, and Magistrate Judge Cole is designated",1586,1653,IOP 13(e) to Judge,Kendall,", and Magistrate Judge Cole is designated",1605,1612,line_entry,SPACY JNLP2
1953668,ilnd;;1:14-cv-06679,ilnd,2014,1:14-cv-06679,4,09/18/2014,"to Judge Kendall, and Magistrate Judge Cole is designated as the magistrate judge for",1596,1681,"to Judge Kendall, and Magistrate Judge",Cole,is designated as the magistrate judge for,1635,1639,line_entry,SPACY JNLP2
1953669,ilnd;;1:14-cv-06679,ilnd,2014,1:14-cv-06679,4,09/18/2014,"reassigned for coordinated pretrial proceedings to Judge Gettleman, Judge Robert Dow and/or Judge Sara",2164,2266,reassigned for coordinated pretrial proceedings to Judge,Gettleman,", Judge Robert Dow and/or Judge Sara",2221,2230,line_entry,SPACY JNLP2
1953670,ilnd;;1:14-cv-06679,ilnd,2014,1:14-cv-06679,4,09/18/2014,"pretrial proceedings to Judge Gettleman, Judge Robert Dow and/or Judge Sara Ellis, who",2191,2277,"pretrial proceedings to Judge Gettleman, Judge",Robert,"Dow and/or Judge Sara Ellis, who",2238,2244,line_entry,SPACY JNLP2
1953671,ilnd;;1:14-cv-06679,ilnd,2014,1:14-cv-06679,4,09/18/2014,"Gettleman, Judge Robert Dow and/or Judge Sara Ellis, who have volunteered to handle coordinated",2221,2316,"Gettleman, Judge Robert Dow and/or Judge",Sara Ellis,", who have volunteered to handle coordinated",2262,2272,line_entry,SPACY JNLP2
1953672,ilnd;;1:14-cv-06679,ilnd,2014,1:14-cv-06679,4,09/18/2014,"pretrial proceedings at the request of Judge Kendall, Because additional cases may be identified",2317,2413,pretrial proceedings at the request of Judge,Kendall,", Because additional cases may be identified",2362,2369,line_entry,SPACY JNLP2
1953673,ilnd;;1:14-cv-06679,ilnd,2014,1:14-cv-06679,4,09/18/2014,"to the coordinated pretrial proceeding before Judge Kendall, and to designate Magistrate Judge Cole",2603,2702,to the coordinated pretrial proceeding before Judge,Kendall,", and to designate Magistrate Judge Cole",2655,2662,line_entry,SPACY JNLP2
1953674,ilnd;;1:14-cv-06679,ilnd,2014,1:14-cv-06679,4,09/18/2014,"Kendall, and to designate Magistrate Judge Cole in the case. A copy of",2655,2725,"Kendall, and to designate Magistrate Judge",Cole,in the case. A copy of,2698,2702,line_entry,SPACY JNLP2
1953675,ilnd;;1:14-cv-06679,ilnd,2014,1:14-cv-06679,4,09/18/2014,be entered in each case by Judge Kendall at such time as coordinated pretrial proceedings,3048,3137,be entered in each case by Judge,Kendall,at such time as coordinated pretrial proceedings,3081,3088,line_entry,SPACY JNLP2
1953676,ilnd;;1:14-cv-06679,ilnd,2014,1:14-cv-06679,5,10/29/2014,ORDER NUMBER 7 Signed by the Honorable Virginia M. Kendall on 10/29/2014.,16,89,ORDER NUMBER 7 Signed by the Honorable,Virginia M. Kendall,on 10/29/2014.,55,74,line_entry,SPACY JNLP2
1953677,ilnd;;1:14-cv-06679,ilnd,2014,1:14-cv-06679,6,08/21/2015,ORDER Signed by the Honorable Virginia M. Kendall on 8/21/2015:,0,63,ORDER Signed by the Honorable,Virginia M. Kendall,on 8/21/2015:,30,49,line_entry,SPACY JNLP2
1953678,ilnd;;1:14-cv-06679,ilnd,2014,1:14-cv-06679,8,10/26/2015,ORDER NUMBER 14 Signed by the Honorable Virginia M. Kendall on 10/26/2015.,16,90,ORDER NUMBER 14 Signed by the Honorable,Virginia M. Kendall,on 10/26/2015.,56,75,line_entry,SPACY JNLP2
1953679,ilnd;;1:14-cv-06679,ilnd,2014,1:14-cv-06679,9,11/13/2015,"are currently presided over by the Honorable Virginia M. Kendall, and Magistrate Judge Jeffrey Cole as",203,305,are currently presided over by the Honorable,Virginia M. Kendall,", and Magistrate Judge Jeffrey Cole as",248,267,line_entry,SPACY JNLP2
1953680,ilnd;;1:14-cv-06679,ilnd,2014,1:14-cv-06679,9,11/13/2015,"M. Kendall, and Magistrate Judge Jeffrey Cole as the designated Magistrate Judge pursuant to",257,349,"M. Kendall, and Magistrate Judge",Jeffrey Cole,as the designated Magistrate Judge pursuant to,290,302,line_entry,SPACY JNLP2
1953681,ilnd;;1:14-cv-06679,ilnd,2014,1:14-cv-06679,10,02/18/2016,serve Defendant. Signed by the Honorable Thomas M. Durkin on 2/18/2016.,650,721,serve Defendant. Signed by the Honorable,Thomas M. Durkin,on 2/18/2016.,691,707,line_entry,SPACY JNLP2
1953682,ilnd;;1:14-cv-06679,ilnd,2014,1:14-cv-06679,18,06/24/2016,MINUTE entry before the Honorable Thomas M. Durkin: Status hearing set for 7/,0,77,MINUTE entry before the Honorable,Thomas M. Durkin,: Status hearing set for 7/,34,50,line_entry,SPACY JNLP2
1953683,ilnd;;1:14-cv-06679,ilnd,2014,1:14-cv-06679,19,07/13/2016,MINUTE entry before the Honorable Thomas M. Durkin:Status hearing held on 7/,0,76,MINUTE entry before the Honorable,Thomas M. Durkin,:Status hearing held on 7/,34,50,line_entry,SPACY JNLP2
1953684,ilnd;;1:14-cv-06679,ilnd,2014,1:14-cv-06679,26,11/08/2016,is vacated. Signed by the Honorable Thomas M. Durkin on 11/8/2016.,803,869,is vacated. Signed by the Honorable,Thomas M. Durkin,on 11/8/2016.,839,855,line_entry,SPACY JNLP2
1953685,ilnd;;1:14-cv-06679,ilnd,2014,1:14-cv-06679,28,12/09/2016,case terminated. Signed by the Honorable Thomas M. Durkin on 12/9/2016.,1317,1388,case terminated. Signed by the Honorable,Thomas M. Durkin,on 12/9/2016.,1358,1374,line_entry,SPACY JNLP2
2099951,ilnd;;1:19-cv-02702,ilnd,2019,1:19-cv-02702,6,05/06/2019,this order. Signed by the Honorable John Z. Lee on 5/6/2019.,965,1025,this order. Signed by the Honorable,John Z. Lee,on 5/6/2019.,1001,1012,line_entry,SPACY JNLP2
2099952,ilnd;;1:19-cv-02702,ilnd,2019,1:19-cv-02702,10,06/18/2019,case terminated. Signed by the Honorable John Z. Lee on 6/18/2019.,415,481,case terminated. Signed by the Honorable,John Z. Lee,on 6/18/2019.,456,467,line_entry,SPACY JNLP2
3018498,ilnd;;1:13-cv-04747,ilnd,2013,1:13-cv-04747,3,07/01/2013,CASE ASSIGNED to the Honorable John F. Grady. Designated as Magistrate Judge the Honorable,0,90,CASE ASSIGNED to the Honorable,John F. Grady,. Designated as Magistrate Judge the Honorable,31,44,line_entry,SPACY JNLP2
3018499,ilnd;;1:13-cv-04747,ilnd,2013,1:13-cv-04747,3,07/01/2013,". Designated as Magistrate Judge the Honorable Jeffrey T. Gilbert. (et, ) (Entered",44,126,. Designated as Magistrate Judge the Honorable,Jeffrey T. Gilbert,". (et, ) (Entered",91,109,line_entry,SPACY JNLP2
3018500,ilnd;;1:13-cv-04747,ilnd,2013,1:13-cv-04747,7,08/13/2013,MINUTE entry before Honorable John F. Grady: An initial status hearing is set,0,77,MINUTE entry before Honorable,John F. Grady,: An initial status hearing is set,30,43,line_entry,SPACY JNLP2
3018501,ilnd;;1:13-cv-04747,ilnd,2013,1:13-cv-04747,8,08/28/2013,MINUTE entry before Honorable John F. Grady: Status hearing held and continued to,0,81,MINUTE entry before Honorable,John F. Grady,: Status hearing held and continued to,30,43,line_entry,SPACY JNLP2
3018502,ilnd;;1:13-cv-04747,ilnd,2013,1:13-cv-04747,9,10/30/2013,MINUTE entry before Honorable John F. Grady: Status hearing held. Defendant does,0,80,MINUTE entry before Honorable,John F. Grady,: Status hearing held. Defendant does,30,43,line_entry,SPACY JNLP2
3018503,ilnd;;1:13-cv-04747,ilnd,2013,1:13-cv-04747,10,12/18/2013,MINUTE entry before the Honorable John F. Grady: Status hearing held. The defendant,0,83,MINUTE entry before the Honorable,John F. Grady,: Status hearing held. The defendant,34,47,line_entry,SPACY JNLP2
3018504,ilnd;;1:13-cv-04747,ilnd,2013,1:13-cv-04747,12,02/12/2014,MINUTE entry before the Honorable John F. Grady: Status hearing held and motion hearing,0,87,MINUTE entry before the Honorable,John F. Grady,: Status hearing held and motion hearing,34,47,line_entry,SPACY JNLP2
3451348,ilnd;;1:13-cv-04176,ilnd,2013,1:13-cv-04176,3,06/05/2013,CASE ASSIGNED to the Honorable Harry D. Leinenweber. Designated as Magistrate Judge the Honorable,0,97,CASE ASSIGNED to the Honorable,Harry D. Leinenweber,. Designated as Magistrate Judge the Honorable,31,51,line_entry,SPACY JNLP2
3451349,ilnd;;1:13-cv-04176,ilnd,2013,1:13-cv-04176,3,06/05/2013,". Designated as Magistrate Judge the Honorable Sidney I. Schenkier. (nsf, ) (Entered",51,135,. Designated as Magistrate Judge the Honorable,Sidney I. Schenkier,". (nsf, ) (Entered",98,117,line_entry,SPACY JNLP2
3451350,ilnd;;1:13-cv-04176,ilnd,2013,1:13-cv-04176,8,07/02/2013,of extension of time 6 before Honorable Harry D. Leinenweber on 7/9/2013 at,51,126,of extension of time 6 before Honorable,Harry D. Leinenweber,on 7/9/2013 at,91,111,line_entry,SPACY JNLP2
3451351,ilnd;;1:13-cv-04176,ilnd,2013,1:13-cv-04176,9,07/09/2013,MINUTE entry before Honorable Harry D. Leinenweber:The Unopposed Motion for enlargement of,0,90,MINUTE entry before Honorable,Harry D. Leinenweber,:The Unopposed Motion for enlargement of,30,50,line_entry,SPACY JNLP2
3451352,ilnd;;1:13-cv-04176,ilnd,2013,1:13-cv-04176,12,07/16/2013,to State a Claim 9 before Honorable Harry D. Leinenweber on 7/23/2013 at,84,156,to State a Claim 9 before Honorable,Harry D. Leinenweber,on 7/23/2013 at,120,140,line_entry,SPACY JNLP2
3451353,ilnd;;1:13-cv-04176,ilnd,2013,1:13-cv-04176,13,07/23/2013,MINUTE entry before Honorable Harry D. Leinenweber:Defendant's Motion to Dismiss is,0,83,MINUTE entry before Honorable,Harry D. Leinenweber,:Defendant's Motion to Dismiss is,30,50,line_entry,SPACY JNLP2
3451354,ilnd;;1:13-cv-04176,ilnd,2013,1:13-cv-04176,16,08/29/2013,MINUTE entry before Honorable Harry D. Leinenweber:Defendant's answer now due by,0,80,MINUTE entry before Honorable,Harry D. Leinenweber,:Defendant's answer now due by,30,50,line_entry,SPACY JNLP2
3451355,ilnd;;1:13-cv-04176,ilnd,2013,1:13-cv-04176,19,09/05/2013,MINUTE entry before Honorable Harry D. Leinenweber:Status hearing held. BNSF Railway,0,84,MINUTE entry before Honorable,Harry D. Leinenweber,:Status hearing held. BNSF Railway,30,50,line_entry,SPACY JNLP2
3451356,ilnd;;1:13-cv-04176,ilnd,2013,1:13-cv-04176,20,02/26/2014,MINUTE entry before the Honorable Harry D. Leinenweber:Status hearing held on 2/,0,80,MINUTE entry before the Honorable,Harry D. Leinenweber,:Status hearing held on 2/,34,54,line_entry,SPACY JNLP2
3451357,ilnd;;1:13-cv-04176,ilnd,2013,1:13-cv-04176,21,05/15/2014,MINUTE entry before the Honorable Harry D. Leinenweber:Status hearing held on 5/,0,80,MINUTE entry before the Honorable,Harry D. Leinenweber,:Status hearing held on 5/,34,54,line_entry,SPACY JNLP2
3451358,ilnd;;1:13-cv-04176,ilnd,2013,1:13-cv-04176,24,05/31/2014,time to complete discovery 22 before Honorable Harry D. Leinenweber on 6/4/2014 at,80,162,time to complete discovery 22 before Honorable,Harry D. Leinenweber,on 6/4/2014 at,127,147,line_entry,SPACY JNLP2
3451359,ilnd;;1:13-cv-04176,ilnd,2013,1:13-cv-04176,25,06/10/2014,MINUTE entry before the Honorable Harry D. Leinenweber:The Unopposed Motion for extension of,0,92,MINUTE entry before the Honorable,Harry D. Leinenweber,:The Unopposed Motion for extension of,34,54,line_entry,SPACY JNLP2
3451360,ilnd;;1:13-cv-04176,ilnd,2013,1:13-cv-04176,26,06/10/2014,Agreed Confidentiality Order Signed by the Honorable Harry D. Leinenweber on 6/10/2014:,0,87,Agreed Confidentiality Order Signed by the Honorable,Harry D. Leinenweber,on 6/10/2014:,53,73,line_entry,SPACY JNLP2
3451361,ilnd;;1:13-cv-04176,ilnd,2013,1:13-cv-04176,27,06/26/2014,MINUTE entry before the Honorable Harry D. Leinenweber:Status hearing held on 6/,0,80,MINUTE entry before the Honorable,Harry D. Leinenweber,:Status hearing held on 6/,34,54,line_entry,SPACY JNLP2
3451362,ilnd;;1:13-cv-04176,ilnd,2013,1:13-cv-04176,28,08/07/2014,"MINUTE entry before the Honorable Harry D. Leinenweber:By agreement, Defendants motion for",0,90,MINUTE entry before the Honorable,Harry D. Leinenweber,":By agreement, Defendants motion for",34,54,line_entry,SPACY JNLP2
3451363,ilnd;;1:13-cv-04176,ilnd,2013,1:13-cv-04176,29,09/08/2014,"MINUTE entry before the Honorable Harry D. Leinenweber:By agreement, defendants motion for",0,90,MINUTE entry before the Honorable,Harry D. Leinenweber,":By agreement, defendants motion for",34,54,line_entry,SPACY JNLP2
3451364,ilnd;;1:13-cv-04176,ilnd,2013,1:13-cv-04176,31,10/24/2014,"MINUTE entry before the Honorable Harry D. Leinenweber:Pursuant to the stipulation, this",0,88,MINUTE entry before the Honorable,Harry D. Leinenweber,":Pursuant to the stipulation, this",34,54,line_entry,SPACY JNLP2
