ucid,court,cid,year,filing_date,original_text,extracted_pretext,extracted_entity,Ent_span_start,Ent_span_end,Pre_span_start,Pre_span_end,docket_source,Entity_Extraction_Method,judge_enum,party_enum,pacer_id,docket_index
akd;;3:16-cr-00011,akd,3:16-cr-00011,2016,01/20/2016,Sharon L. Gleason,,Sharon L. Gleason,0,17,,,case_parties,assigned_judge,0,0.0,1.0,
akd;;3:16-cr-00113,akd,3:16-cr-00113,2016,09/22/2016,Timothy M. Burgess,,Timothy M. Burgess,0,18,,,case_parties,assigned_judge,0,0.0,1.0,
akd;;3:16-cv-00113,akd,3:16-cv-00113,2016,06/06/2016,Sharon L. Gleason,,Sharon L. Gleason,0,17,,,case_header,assigned_judge,0,,,
akd;;3:16-cv-00237,akd,3:16-cv-00237,2016,10/11/2016,H. Russel Holland,,H. Russel Holland,0,17,,,case_header,assigned_judge,0,,,
akd;;4:16-cr-00024,akd,4:16-cr-00024,2016,12/14/2016,Ralph R. Beistline,,Ralph R. Beistline,0,18,,,case_parties,assigned_judge,0,0.0,1.0,
almd;;2:16-cv-00187,almd,2:16-cv-00187,2016,03/21/2016,"Honorable Judge Wallace Capel, Jr",Honorable Judge,"Wallace Capel, Jr",16,33,0.0,15.0,case_header,referred_judges,1,,,
almd;;2:16-cv-00187,almd,2:16-cv-00187,2016,03/21/2016,Chief Judge Emily C. Marks,Chief Judge,Emily C. Marks,12,26,0.0,11.0,case_header,assigned_judge,0,,,
almd;;2:16-cv-00575,almd,2:16-cv-00575,2016,07/15/2016,"Honorable Judge Wallace Capel, Jr",Honorable Judge,"Wallace Capel, Jr",16,33,0.0,15.0,case_header,referred_judges,1,,,
almd;;2:16-cv-00575,almd,2:16-cv-00575,2016,07/15/2016,Chief Judge Emily C. Marks,Chief Judge,Emily C. Marks,12,26,0.0,11.0,case_header,assigned_judge,0,,,
almd;;2:16-cv-00675,almd,2:16-cv-00675,2016,08/15/2016,Gray M. Borden,,Gray M. Borden,0,14,,,case_header,assigned_judge,0,,,
almd;;3:16-cv-00189,almd,3:16-cv-00189,2016,03/21/2016,Honorable Judge Susan Russ Walker,Honorable Judge,Susan Russ Walker,16,33,0.0,15.0,case_header,referred_judges,1,,,
almd;;3:16-cv-00189,almd,3:16-cv-00189,2016,03/21/2016,Honorable Judge Myron H. Thompson,Honorable Judge,Myron H. Thompson,16,33,0.0,15.0,case_header,assigned_judge,0,,,
almd;;3:16-cv-00576,almd,3:16-cv-00576,2016,07/15/2016,"Honorable Judge Wallace Capel, Jr",Honorable Judge,"Wallace Capel, Jr",16,33,0.0,15.0,case_header,assigned_judge,0,,,
alnd;;2:16-cv-00853,alnd,2:16-cv-00853,2016,05/24/2016,R. David Proctor,,R. David Proctor,0,16,,,case_header,assigned_judge,0,,,
alnd;;2:16-cv-01714,alnd,2:16-cv-01714,2016,10/20/2016,"Judge C Lynwood Smith, Jr",Judge,"C Lynwood Smith, Jr",6,25,0.0,5.0,case_header,assigned_judge,0,,,
alnd;;3:16-cv-01379,alnd,3:16-cv-01379,2016,08/23/2016,John H. England III,,John H. England III,0,19,,,case_header,referred_judges,1,,,
alnd;;3:16-cv-01379,alnd,3:16-cv-01379,2016,08/23/2016,Madeline Hughes Haikala,,Madeline Hughes Haikala,0,23,,,case_header,assigned_judge,0,,,
alnd;;5:16-cv-00473,alnd,5:16-cv-00473,2016,03/23/2016,R. David Proctor,,R. David Proctor,0,16,,,case_header,assigned_judge,0,,,
alnd;;6:16-cv-01453,alnd,6:16-cv-01453,2016,09/02/2016,Staci G. Cornelius,,Staci G. Cornelius,0,18,,,case_header,referred_judges,1,,,
alnd;;6:16-cv-01453,alnd,6:16-cv-01453,2016,09/02/2016,Karon O. Bowdre,,Karon O. Bowdre,0,15,,,case_header,assigned_judge,0,,,
alsd;;1:16-cr-00104,alsd,1:16-cr-00104,2016,05/26/2016,Magistrate Judge Katherine P. Nelson,Magistrate Judge,Katherine P. Nelson,17,36,0.0,16.0,case_parties,referred_judges,1,0.0,1.0,
alsd;;1:16-cr-00104,alsd,1:16-cr-00104,2016,05/26/2016,Judge Kristi K. DuBose,Judge,Kristi K. DuBose,6,22,0.0,5.0,case_parties,assigned_judge,0,0.0,1.0,
alsd;;1:16-cv-00045,alsd,1:16-cv-00045,2016,01/28/2016,Katherine P. Nelson,,Katherine P. Nelson,0,19,,,case_header,referred_judges,1,,,
alsd;;1:16-cv-00045,alsd,1:16-cv-00045,2016,01/28/2016,William H. Steele,,William H. Steele,0,17,,,case_header,assigned_judge,0,,,
alsd;;1:16-cv-00098,alsd,1:16-cv-00098,2016,03/04/2016,Sonja F. Bivins,,Sonja F. Bivins,0,15,,,case_header,referred_judges,1,,,
alsd;;1:16-cv-00098,alsd,1:16-cv-00098,2016,03/04/2016,William H. Steele,,William H. Steele,0,17,,,case_header,assigned_judge,0,,,
alsd;;1:16-cv-00162,alsd,1:16-cv-00162,2016,04/15/2016,Sonja F. Bivins,,Sonja F. Bivins,0,15,,,case_header,referred_judges,1,,,
alsd;;1:16-cv-00162,alsd,1:16-cv-00162,2016,04/15/2016,Kristi K. Dubose,,Kristi K. Dubose,0,16,,,case_header,assigned_judge,0,,,
ared;;4:16-cr-00140,ared,4:16-cr-00140,2016,06/08/2016,Judge Brian S. Miller,Judge,Brian S. Miller,6,21,0.0,5.0,case_parties,assigned_judge,0,0.0,1.0,
ared;;4:16-cr-00250,ared,4:16-cr-00250,2016,11/01/2016,Judge James M. Moody Jr.,Judge,James M. Moody Jr.,6,24,0.0,5.0,case_parties,assigned_judge,0,0.0,1.0,
ared;;4:16-cv-00537,ared,4:16-cv-00537,2016,07/25/2016,Judge Brian S. Miller,Judge,Brian S. Miller,6,21,0.0,5.0,case_header,assigned_judge,0,,,
ared;;5:16-cv-00361,ared,5:16-cv-00361,2016,11/28/2016,James M. Moody Jr.,,James M. Moody Jr.,0,18,,,case_header,assigned_judge,0,,,
arwd;;1:16-cr-10014,arwd,1:16-cr-10014,2016,10/05/2016,Honorable Susan O. Hickey,Honorable,Susan O. Hickey,10,25,0.0,9.0,case_parties,assigned_judge,0,0.0,1.0,
arwd;;2:16-cv-02025,arwd,2:16-cv-02025,2016,02/16/2016,Honorable P. K. Holmes III,Honorable,P. K. Holmes III,10,26,0.0,9.0,case_header,assigned_judge,0,,,
arwd;;2:16-cv-02277,arwd,2:16-cv-02277,2016,11/29/2016,Erin L. Wiedemann,,Erin L. Wiedemann,0,17,,,case_header,assigned_judge,0,,,
arwd;;6:16-cv-06051,arwd,6:16-cv-06051,2016,05/19/2016,Barry A. Bryant,,Barry A. Bryant,0,15,,,case_header,assigned_judge,0,,,
azd;;2:16-cr-00400,azd,2:16-cr-00400,2016,04/05/2016,Judge Steven P Logan,Judge,Steven P Logan,6,20,0.0,5.0,case_parties,assigned_judge,0,0.0,1.0,
azd;;2:16-cr-00844,azd,2:16-cr-00844,2016,07/12/2016,Senior Judge Susan R Bolton,Senior Judge,Susan R Bolton,13,27,0.0,12.0,case_parties,assigned_judge,0,0.0,1.0,
azd;;2:16-cv-03065,azd,2:16-cv-03065,2016,09/09/2016,Senior Judge Roslyn O Silver,Senior Judge,Roslyn O Silver,13,28,0.0,12.0,case_header,assigned_judge,0,,,
azd;;4:16-cr-02105,azd,4:16-cr-02105,2016,11/09/2016,Magistrate Judge Lynnette C Kimmins,Magistrate Judge,Lynnette C Kimmins,17,35,0.0,16.0,case_parties,referred_judges,1,0.0,1.0,
azd;;4:16-cr-02105,azd,4:16-cr-02105,2016,11/09/2016,Chief Judge Raner C Collins,Chief Judge,Raner C Collins,12,27,0.0,11.0,case_parties,assigned_judge,0,0.0,1.0,
azd;;4:16-cr-02360,azd,4:16-cr-02360,2016,12/27/2016,Magistrate Judge Bernardo P Velasco,Magistrate Judge,Bernardo P Velasco,17,35,0.0,16.0,case_parties,referred_judges,1,0.0,1.0,
azd;;4:16-cr-02360,azd,4:16-cr-02360,2016,12/27/2016,Judge Cindy K Jorgenson,Judge,Cindy K Jorgenson,6,23,0.0,5.0,case_parties,assigned_judge,0,0.0,1.0,
cacd;;2:16-cv-04793,cacd,2:16-cv-04793,2016,06/30/2016,Magistrate Judge Alicia G. Rosenberg,Magistrate Judge,Alicia G. Rosenberg,17,36,0.0,16.0,case_header,referred_judges,1,,,
cacd;;2:16-cv-04793,cacd,2:16-cv-04793,2016,06/30/2016,Judge Michael W. Fitzgerald,Judge,Michael W. Fitzgerald,6,27,0.0,5.0,case_header,assigned_judge,0,,,
cacd;;8:16-cv-01402,cacd,8:16-cv-01402,2016,07/28/2016,Frederick F. Mumm,,Frederick F. Mumm,0,17,,,case_header,referred_judges,1,,,
cacd;;8:16-cv-01402,cacd,8:16-cv-01402,2016,07/28/2016,Andrew J. Guilford,,Andrew J. Guilford,0,18,,,case_header,assigned_judge,0,,,
caed;;2:16-cv-02098,caed,2:16-cv-02098,2016,09/01/2016,Leslie E. Kobayashi,,Leslie E. Kobayashi,0,19,,,case_header,assigned_judge,0,,,
cand;;3:16-cv-04574,cand,3:16-cv-04574,2016,08/11/2016,Hon. Charles R. Breyer,Hon.,Charles R. Breyer,5,22,0.0,4.0,case_header,assigned_judge,0,,,
cand;;4:16-cv-03425,cand,4:16-cv-03425,2016,06/17/2016,Jeffrey S. White,,Jeffrey S. White,0,16,,,case_header,assigned_judge,0,,,
cand;;4:16-cv-06016,cand,4:16-cv-06016,2016,10/18/2016,Jeffrey S. White,,Jeffrey S. White,0,16,,,case_header,assigned_judge,0,,,
cand;;4:16-cv-06356,cand,4:16-cv-06356,2016,11/01/2016,Phyllis J. Hamilton,,Phyllis J. Hamilton,0,19,,,case_header,assigned_judge,0,,,
cand;;5:16-cv-07197,cand,5:16-cv-07197,2016,12/16/2016,Magistrate Judge Nathanael M. Cousins,Magistrate Judge,Nathanael M. Cousins,17,37,0.0,16.0,case_header,assigned_judge,0,,,
casd;;3:16-cr-00134,casd,3:16-cr-00134,2016,01/21/2016,Judge Janis L. Sammartino,Judge,Janis L. Sammartino,6,25,0.0,5.0,case_parties,assigned_judge,0,0.0,1.0,
casd;;3:16-cr-00783,casd,3:16-cr-00783,2016,04/14/2016,Judge Cathy Ann Bencivengo,Judge,Cathy Ann Bencivengo,6,26,0.0,5.0,case_parties,assigned_judge,0,0.0,1.0,
casd;;3:16-cr-01377,casd,3:16-cr-01377,2016,06/16/2016,Magistrate Judge Karen S. Crawford,Magistrate Judge,Karen S. Crawford,17,34,0.0,16.0,case_parties,assigned_judge,0,0.0,1.0,
casd;;3:16-cr-02902,casd,3:16-cr-02902,2016,12/15/2016,Judge Dana M. Sabraw,Judge,Dana M. Sabraw,6,20,0.0,5.0,case_parties,assigned_judge,0,0.0,1.0,
casd;;3:16-cv-01352,casd,3:16-cv-01352,2016,06/03/2016,Barbara Lynn Major,,Barbara Lynn Major,0,18,,,case_header,referred_judges,1,,,
casd;;3:16-cv-01352,casd,3:16-cv-01352,2016,06/03/2016,Gonzalo P. Curiel,,Gonzalo P. Curiel,0,17,,,case_header,assigned_judge,0,,,
cod;;1:16-cv-00703,cod,1:16-cv-00703,2016,03/25/2016,Michael E. Hegarty,,Michael E. Hegarty,0,18,,,case_header,referred_judges,1,,,
cod;;1:16-cv-00703,cod,1:16-cv-00703,2016,03/25/2016,Philip A. Brimmer,,Philip A. Brimmer,0,17,,,case_header,assigned_judge,0,,,
cod;;1:16-cv-01095,cod,1:16-cv-01095,2016,05/12/2016,Magistrate Judge Craig B. Shaffer,Magistrate Judge,Craig B. Shaffer,17,33,0.0,16.0,case_header,referred_judges,1,,,
cod;;1:16-cv-01095,cod,1:16-cv-01095,2016,05/12/2016,Judge Philip A. Brimmer,Judge,Philip A. Brimmer,6,23,0.0,5.0,case_header,assigned_judge,0,,,
cod;;1:16-cv-02274,cod,1:16-cv-02274,2016,09/08/2016,Judge Lewis T. Babcock,Judge,Lewis T. Babcock,6,22,0.0,5.0,case_header,assigned_judge,0,,,
cod;;1:16-cv-02614,cod,1:16-cv-02614,2016,10/20/2016,Magistrate Judge Nina Y. Wang,Magistrate Judge,Nina Y. Wang,17,29,0.0,16.0,case_header,referred_judges,1,,,
cod;;1:16-cv-02614,cod,1:16-cv-02614,2016,10/20/2016,Judge Wiley Y. Daniel,Judge,Wiley Y. Daniel,6,21,0.0,5.0,case_header,assigned_judge,0,,,
cod;;1:16-cv-03212,cod,1:16-cv-03212,2016,12/29/2016,Judge Lewis T. Babcock,Judge,Lewis T. Babcock,6,22,0.0,5.0,case_header,assigned_judge,0,,,
ctd;;3:16-cr-00113,ctd,3:16-cr-00113,2016,06/07/2016,Judge William I. Garfinkel,Judge,William I. Garfinkel,6,26,0.0,5.0,case_parties,referred_judges,1,0.0,1.0,
ctd;;3:16-cr-00113,ctd,3:16-cr-00113,2016,06/07/2016,Judge Victor A. Bolden,Judge,Victor A. Bolden,6,22,0.0,5.0,case_parties,assigned_judge,0,0.0,1.0,
ctd;;3:16-cv-01180,ctd,3:16-cv-01180,2016,07/14/2016,Judge Janet C. Hall,Judge,Janet C. Hall,6,19,0.0,5.0,case_header,assigned_judge,0,,,
ctd;;3:16-cv-01319,ctd,3:16-cv-01319,2016,08/03/2016,Judge Vanessa L. Bryant,Judge,Vanessa L. Bryant,6,23,0.0,5.0,case_header,assigned_judge,0,,,
ctd;;3:16-cv-01420,ctd,3:16-cv-01420,2016,08/19/2016,Warren W. Eginton,,Warren W. Eginton,0,17,,,case_header,assigned_judge,0,,,
ctd;;3:16-cv-01725,ctd,3:16-cv-01725,2016,10/17/2016,Judge Alfred V. Covello,Judge,Alfred V. Covello,6,23,0.0,5.0,case_header,assigned_judge,0,,,
dcd;;1:16-cv-00016,dcd,1:16-cv-00016,2016,01/05/2016,Judge Randolph D. Moss,Judge,Randolph D. Moss,6,22,0.0,5.0,case_header,assigned_judge,0,,,
dcd;;1:16-cv-00939,dcd,1:16-cv-00939,2016,05/18/2016,Judge Royce C. Lamberth,Judge,Royce C. Lamberth,6,23,0.0,5.0,case_header,assigned_judge,0,,,
dcd;;1:16-cv-00955,dcd,1:16-cv-00955,2016,05/20/2016,Reggie B. Walton,,Reggie B. Walton,0,16,,,case_header,assigned_judge,0,,,
dcd;;1:16-cv-01810,dcd,1:16-cv-01810,2016,09/09/2016,Judge Colleen Kollar-Kotelly,Judge,Colleen Kollar-Kotelly,6,28,0.0,5.0,case_header,assigned_judge,0,,,
dcd;;1:16-cv-02170,dcd,1:16-cv-02170,2016,10/31/2016,Royce C. Lamberth,,Royce C. Lamberth,0,17,,,case_header,assigned_judge,0,,,
ded;;1:16-cr-00043,ded,1:16-cr-00043,2016,04/19/2016,Judge Leonard P. Stark,Judge,Leonard P. Stark,6,22,0.0,5.0,case_parties,assigned_judge,0,0.0,1.0,
ded;;1:16-cv-00011,ded,1:16-cv-00011,2016,01/11/2016,Sue L. Robinson,,Sue L. Robinson,0,15,,,case_header,assigned_judge,0,,,
ded;;1:16-cv-00048,ded,1:16-cv-00048,2016,01/29/2016,Judge Maryellen Noreika,Judge,Maryellen Noreika,6,23,0.0,5.0,case_header,assigned_judge,0,,,
ded;;1:16-cv-00856,ded,1:16-cv-00856,2016,09/23/2016,Richard G. Andrews,,Richard G. Andrews,0,18,,,case_header,assigned_judge,0,,,
ded;;1:16-cv-01280,ded,1:16-cv-01280,2016,12/20/2016,Judge Leonard P. Stark,Judge,Leonard P. Stark,6,22,0.0,5.0,case_header,assigned_judge,0,,,
flmd;;3:16-cv-00505,flmd,3:16-cv-00505,2016,04/26/2016,Magistrate Judge Joel B. Toomey,Magistrate Judge,Joel B. Toomey,17,31,0.0,16.0,case_header,referred_judges,1,,,
flmd;;3:16-cv-00505,flmd,3:16-cv-00505,2016,04/26/2016,Judge Brian J. Davis,Judge,Brian J. Davis,6,20,0.0,5.0,case_header,assigned_judge,0,,,
flmd;;5:16-cv-00258,flmd,5:16-cv-00258,2016,04/01/2016,Magistrate Judge Philip R. Lammens,Magistrate Judge,Philip R. Lammens,17,34,0.0,16.0,case_header,referred_judges,1,,,
flmd;;5:16-cv-00258,flmd,5:16-cv-00258,2016,04/01/2016,Senior Judge Wm. Terrell Hodges,Senior Judge,Wm. Terrell Hodges,13,31,0.0,12.0,case_header,assigned_judge,0,,,
flmd;;6:16-cv-02122,flmd,6:16-cv-02122,2016,12/12/2016,Magistrate Judge Daniel C. Irick,Magistrate Judge,Daniel C. Irick,17,32,0.0,16.0,case_header,referred_judges,1,,,
flmd;;6:16-cv-02122,flmd,6:16-cv-02122,2016,12/12/2016,Judge John Antoon II,Judge,John Antoon II,6,20,0.0,5.0,case_header,assigned_judge,0,,,
flmd;;8:16-cv-00571,flmd,8:16-cv-00571,2016,03/09/2016,Magistrate Judge Julie S. Sneed,Magistrate Judge,Julie S. Sneed,17,31,0.0,16.0,case_header,referred_judges,1,,,
flmd;;8:16-cv-00571,flmd,8:16-cv-00571,2016,03/09/2016,Judge Richard A. Lazzara,Judge,Richard A. Lazzara,6,24,0.0,5.0,case_header,assigned_judge,0,,,
flmd;;8:16-cv-01493,flmd,8:16-cv-01493,2016,06/10/2016,Magistrate Judge Julie S. Sneed,Magistrate Judge,Julie S. Sneed,17,31,0.0,16.0,case_header,referred_judges,1,,,
flmd;;8:16-cv-01493,flmd,8:16-cv-01493,2016,06/10/2016,Judge Virginia M. Hernandez Covington,Judge,Virginia M. Hernandez Covington,6,37,0.0,5.0,case_header,assigned_judge,0,,,
flnd;;4:16-cv-00451,flnd,4:16-cv-00451,2016,07/19/2016,MAGISTRATE JUDGE CHARLES A STAMPELOS,MAGISTRATE JUDGE,CHARLES A STAMPELOS,17,36,0.0,16.0,case_header,referred_judges,1,,,
flnd;;4:16-cv-00451,flnd,4:16-cv-00451,2016,07/19/2016,CHIEF JUDGE MARK E WALKER,CHIEF JUDGE,MARK E WALKER,12,25,0.0,11.0,case_header,assigned_judge,0,,,
flnd;;4:16-cv-00760,flnd,4:16-cv-00760,2016,12/08/2016,MAGISTRATE JUDGE CHARLES A STAMPELOS,MAGISTRATE JUDGE,CHARLES A STAMPELOS,17,36,0.0,16.0,case_header,referred_judges,1,,,
flnd;;4:16-cv-00760,flnd,4:16-cv-00760,2016,12/08/2016,CHIEF JUDGE MARK E WALKER,CHIEF JUDGE,MARK E WALKER,12,25,0.0,11.0,case_header,assigned_judge,0,,,
flnd;;5:16-cr-00017,flnd,5:16-cr-00017,2016,06/21/2016,MAGISTRATE JUDGE ELIZABETH M TIMOTHY,MAGISTRATE JUDGE,ELIZABETH M TIMOTHY,17,36,0.0,16.0,case_parties,referred_judges,1,0.0,1.0,
flnd;;5:16-cr-00017,flnd,5:16-cr-00017,2016,06/21/2016,JUDGE ROBERT L HINKLE,JUDGE,ROBERT L HINKLE,6,21,0.0,5.0,case_parties,assigned_judge,0,0.0,1.0,
flnd;;5:16-cv-00079,flnd,5:16-cv-00079,2016,03/09/2016,MAGISTRATE JUDGE GARY R JONES,MAGISTRATE JUDGE,GARY R JONES,17,29,0.0,16.0,case_header,referred_judges,1,,,
flnd;;5:16-cv-00079,flnd,5:16-cv-00079,2016,03/09/2016,CHIEF JUDGE M CASEY RODGERS,CHIEF JUDGE,M CASEY RODGERS,12,27,0.0,11.0,case_header,assigned_judge,0,,,
flnd;;5:16-cv-00089,flnd,5:16-cv-00089,2016,03/16/2016,"MAGISTRATE JUDGE CHARLES J KAHN, JR",MAGISTRATE JUDGE,"CHARLES J KAHN, JR",17,35,0.0,16.0,case_header,referred_judges,1,,,
flnd;;5:16-cv-00089,flnd,5:16-cv-00089,2016,03/16/2016,SENIOR JUDGE MAURICE M PAUL,SENIOR JUDGE,MAURICE M PAUL,13,27,0.0,12.0,case_header,assigned_judge,0,,,
flsd;;1:16-cv-23285,flsd,1:16-cv-23285,2016,08/01/2016,Ursula Ungaro,,Ursula Ungaro,0,13,,,case_header,assigned_judge,0,,,
flsd;;2:16-cv-14049,flsd,2:16-cv-14049,2016,02/22/2016,Frank J. Lynch Jr.,,Frank J. Lynch Jr.,0,18,,,case_header,referred_judges,1,,,
flsd;;2:16-cv-14049,flsd,2:16-cv-14049,2016,02/22/2016,Donald M. Middlebrooks,,Donald M. Middlebrooks,0,22,,,case_header,assigned_judge,0,,,
flsd;;9:16-cv-80329,flsd,9:16-cv-80329,2016,03/05/2016,Barry S. Seltzer,,Barry S. Seltzer,0,16,,,case_header,referred_judges,1,,,
flsd;;9:16-cv-80329,flsd,9:16-cv-80329,2016,03/05/2016,James I. Cohn,,James I. Cohn,0,13,,,case_header,assigned_judge,0,,,
flsd;;9:16-cv-81035,flsd,9:16-cv-81035,2016,06/21/2016,Magistrate Judge Alicia O. Valle,Magistrate Judge,Alicia O. Valle,17,32,0.0,16.0,case_header,referred_judges,1,,,
flsd;;9:16-cv-81035,flsd,9:16-cv-81035,2016,06/21/2016,Judge Beth Bloom,Judge,Beth Bloom,6,16,0.0,5.0,case_header,assigned_judge,0,,,
flsd;;9:16-cv-82046,flsd,9:16-cv-82046,2016,12/28/2016,Judge Kenneth A. Marra,Judge,Kenneth A. Marra,6,22,0.0,5.0,case_header,assigned_judge,0,,,
gamd;;4:16-cv-00037,gamd,4:16-cv-00037,2016,02/24/2016,Clay D. Land,,Clay D. Land,0,12,,,case_header,assigned_judge,0,,,
gamd;;5:16-cr-00002,gamd,5:16-cr-00002,2016,01/13/2016,US MAGISTRATE JUDGE CHARLES H WEIGLE,US MAGISTRATE JUDGE,CHARLES H WEIGLE,20,36,3.0,19.0,case_parties,referred_judges,1,0.0,1.0,
gamd;;5:16-cr-00002,gamd,5:16-cr-00002,2016,01/13/2016,US DISTRICT JUDGE MARC THOMAS TREADWELL,US DISTRICT JUDGE,MARC THOMAS TREADWELL,18,39,0.0,17.0,case_parties,assigned_judge,0,0.0,1.0,
gamd;;5:16-cr-00002,gamd,5:16-cr-00002,2016,01/13/2016,US MAGISTRATE JUDGE CHARLES H WEIGLE,US MAGISTRATE JUDGE,CHARLES H WEIGLE,20,36,3.0,19.0,case_parties,referred_judges,1,1.0,2.0,
gamd;;5:16-cr-00002,gamd,5:16-cr-00002,2016,01/13/2016,US DISTRICT JUDGE MARC THOMAS TREADWELL,US DISTRICT JUDGE,MARC THOMAS TREADWELL,18,39,0.0,17.0,case_parties,assigned_judge,0,1.0,2.0,
gamd;;5:16-cv-00396,gamd,5:16-cv-00396,2016,09/02/2016,US DISTRICT JUDGE MARC THOMAS TREADWELL,US DISTRICT JUDGE,MARC THOMAS TREADWELL,18,39,0.0,17.0,case_header,assigned_judge,0,,,
gamd;;5:16-cv-00532,gamd,5:16-cv-00532,2016,12/07/2016,US MAGISTRATE JUDGE CHARLES H WEIGLE,US MAGISTRATE JUDGE,CHARLES H WEIGLE,20,36,3.0,19.0,case_header,referred_judges,1,,,
gamd;;5:16-cv-00532,gamd,5:16-cv-00532,2016,12/07/2016,CHIEF DISTRICT JUDGE MARC T TREADWELL,CHIEF DISTRICT JUDGE,MARC T TREADWELL,21,37,0.0,20.0,case_header,assigned_judge,0,,,
gamd;;7:16-cv-00094,gamd,7:16-cv-00094,2016,06/24/2016,US DISTRICT JUDGE W LOUIS SANDS,US DISTRICT JUDGE,W LOUIS SANDS,18,31,0.0,17.0,case_header,assigned_judge,0,,,
gand;;1:10-cv-02371,gand,1:10-cv-02371,2010,07/29/2010,"Judge Robert L. Vining, Jr",Judge,"Robert L. Vining, Jr",6,26,0.0,5.0,case_header,assigned_judge,0,,,
gand;;1:15-cv-03584,gand,1:15-cv-03584,2015,10/08/2015,Judge Mark H. Cohen,Judge,Mark H. Cohen,6,19,0.0,5.0,case_header,assigned_judge,0,,,
gand;;1:16-cv-01762,gand,1:16-cv-01762,2016,05/31/2016,Judge Richard W. Story,Judge,Richard W. Story,6,22,0.0,5.0,case_header,assigned_judge,0,,,
gand;;1:16-cv-03123,gand,1:16-cv-03123,2016,08/25/2016,Judge Steve C. Jones,Judge,Steve C. Jones,6,20,0.0,5.0,case_header,assigned_judge,0,,,
gand;;3:10-cv-00010,gand,3:10-cv-00010,2010,01/22/2010,Judge Jack T. Camp,Judge,Jack T. Camp,6,18,0.0,5.0,case_header,assigned_judge,0,,,
gasd;;1:16-cv-00214,gasd,1:16-cv-00214,2016,12/27/2016,Magistrate Judge Brian K. Epps,Magistrate Judge,Brian K. Epps,17,30,0.0,16.0,case_header,referred_judges,1,,,
gasd;;1:16-cv-00214,gasd,1:16-cv-00214,2016,12/27/2016,Chief Judge J. Randal Hall,Chief Judge,J. Randal Hall,12,26,0.0,11.0,case_header,assigned_judge,0,,,
gasd;;4:16-cr-00011,gasd,4:16-cr-00011,2016,01/25/2016,Magistrate Judge G. R. Smith,Magistrate Judge,G. R. Smith,17,28,0.0,16.0,case_parties,assigned_judge,0,0.0,1.0,
gasd;;4:16-cr-00191,gasd,4:16-cr-00191,2016,05/10/2016,Magistrate Judge G. R. Smith,Magistrate Judge,G. R. Smith,17,28,0.0,16.0,case_parties,assigned_judge,0,0.0,1.0,
gasd;;4:16-cv-00145,gasd,4:16-cv-00145,2016,06/14/2016,Magistrate Judge G. R. Smith,Magistrate Judge,G. R. Smith,17,28,0.0,16.0,case_header,referred_judges,1,,,
gasd;;4:16-cv-00145,gasd,4:16-cv-00145,2016,06/14/2016,"Judge William T. Moore, Jr",Judge,"William T. Moore, Jr",6,26,0.0,5.0,case_header,assigned_judge,0,,,
gasd;;6:16-cv-00125,gasd,6:16-cv-00125,2016,08/31/2016,Magistrate Judge R. Stan Baker-MJ,Magistrate Judge,R. Stan Baker,17,30,0.0,16.0,case_header,referred_judges,1,,,
gasd;;6:16-cv-00125,gasd,6:16-cv-00125,2016,08/31/2016,Chief Judge J. Randal Hall,Chief Judge,J. Randal Hall,12,26,0.0,11.0,case_header,assigned_judge,0,,,
gud;;1:16-cr-00019,gud,1:16-cr-00019,2016,06/22/2016,"Magistrate Judge Joaquin V.E. Manibusan, Jr",Magistrate Judge,"Joaquin V.E. Manibusan, Jr",17,43,0.0,16.0,case_parties,referred_judges,1,0.0,1.0,
gud;;1:16-cr-00019,gud,1:16-cr-00019,2016,06/22/2016,Chief Judge Frances M. Tydingco-Gatewood,Chief Judge,Frances M. Tydingco-Gatewood,12,40,0.0,11.0,case_parties,assigned_judge,0,0.0,1.0,
gud;;1:16-cr-00022,gud,1:16-cr-00022,2016,08/05/2016,"Magistrate Judge Joaquin V.E. Manibusan, Jr",Magistrate Judge,"Joaquin V.E. Manibusan, Jr",17,43,0.0,16.0,case_parties,assigned_judge,0,0.0,1.0,
gud;;1:16-cv-00061,gud,1:16-cv-00061,2016,07/01/2016,Joaquin Manibusan Jr.,,Joaquin Manibusan Jr.,0,21,,,case_header,referred_judges,1,,,
gud;;1:16-cv-00061,gud,1:16-cv-00061,2016,07/01/2016,Frances M. Tydingco-Gatewood,,Frances M. Tydingco-Gatewood,0,28,,,case_header,assigned_judge,0,,,
gud;;1:16-cv-00064,gud,1:16-cv-00064,2016,07/05/2016,"Magistrate Judge Joaquin V.E. Manibusan, Jr",Magistrate Judge,"Joaquin V.E. Manibusan, Jr",17,43,0.0,16.0,case_header,referred_judges,1,,,
gud;;1:16-cv-00064,gud,1:16-cv-00064,2016,07/05/2016,Chief Judge Frances M. Tydingco-Gatewood,Chief Judge,Frances M. Tydingco-Gatewood,12,40,0.0,11.0,case_header,assigned_judge,0,,,
gud;;1:16-cv-00076,gud,1:16-cv-00076,2016,10/14/2016,"Magistrate Judge Joaquin V.E. Manibusan, Jr",Magistrate Judge,"Joaquin V.E. Manibusan, Jr",17,43,0.0,16.0,case_header,referred_judges,1,,,
gud;;1:16-cv-00076,gud,1:16-cv-00076,2016,10/14/2016,Chief Judge Frances M. Tydingco-Gatewood,Chief Judge,Frances M. Tydingco-Gatewood,12,40,0.0,11.0,case_header,assigned_judge,0,,,
hid;;1:16-cr-00042,hid,1:16-cr-00042,2016,01/08/2016,MAGISTRATE JUDGE BARRY M. KURREN,MAGISTRATE JUDGE,BARRY M. KURREN,17,32,0.0,16.0,case_parties,assigned_judge,0,0.0,1.0,
hid;;1:16-cr-00081,hid,1:16-cr-00081,2016,01/20/2016,MAGISTRATE JUDGE BARRY M. KURREN,MAGISTRATE JUDGE,BARRY M. KURREN,17,32,0.0,16.0,case_parties,assigned_judge,0,0.0,1.0,
hid;;1:16-cv-00079,hid,1:16-cv-00079,2016,02/23/2016,Richard L. Puglisi,,Richard L. Puglisi,0,18,,,case_header,referred_judges,1,,,
hid;;1:16-cv-00079,hid,1:16-cv-00079,2016,02/23/2016,Derrick K. Watson,,Derrick K. Watson,0,17,,,case_header,assigned_judge,0,,,
hid;;1:16-cv-00524,hid,1:16-cv-00524,2016,09/23/2016,MAGISTRATE JUDGE KEVIN S.C. CHANG,MAGISTRATE JUDGE,KEVIN S.C. CHANG,17,33,0.0,16.0,case_header,referred_judges,1,,,
hid;;1:16-cv-00524,hid,1:16-cv-00524,2016,09/23/2016,JUDGE HELEN GILLMOR,JUDGE,HELEN GILLMOR,6,19,0.0,5.0,case_header,assigned_judge,0,,,
hid;;1:16-cv-00562,hid,1:16-cv-00562,2016,10/13/2016,Kenneth J. Mansfield,,Kenneth J. Mansfield,0,20,,,case_header,referred_judges,1,,,
hid;;1:16-cv-00562,hid,1:16-cv-00562,2016,10/13/2016,Leslie E. Kobayashi,,Leslie E. Kobayashi,0,19,,,case_header,assigned_judge,0,,,
iand;;1:16-cv-00162,iand,1:16-cv-00162,2016,08/03/2016,Jon S. Scoles,,Jon S. Scoles,0,13,,,case_header,referred_judges,1,,,
iand;;1:16-cv-00162,iand,1:16-cv-00162,2016,08/03/2016,Linda R. Reade,,Linda R. Reade,0,14,,,case_header,assigned_judge,0,,,
iand;;2:16-cv-01003,iand,2:16-cv-01003,2016,01/26/2016,Magistrate Judge Kelly K.E. Mahoney,Magistrate Judge,Kelly K.E. Mahoney,17,35,0.0,16.0,case_header,assigned_judge,0,,,
iand;;5:16-cr-04084,iand,5:16-cr-04084,2016,10/05/2016,Magistrate Judge Kelly K.E. Mahoney,Magistrate Judge,Kelly K.E. Mahoney,17,35,0.0,16.0,case_parties,referred_judges,1,2.0,1.0,
iand;;5:16-cr-04084,iand,5:16-cr-04084,2016,10/05/2016,Chief Judge Leonard T Strand,Chief Judge,Leonard T Strand,12,28,0.0,11.0,case_parties,assigned_judge,0,2.0,1.0,
iand;;5:16-cr-04084,iand,5:16-cr-04084,2016,10/05/2016,Magistrate Judge Kelly K.E. Mahoney,Magistrate Judge,Kelly K.E. Mahoney,17,35,0.0,16.0,case_parties,referred_judges,1,3.0,2.0,
iand;;5:16-cr-04084,iand,5:16-cr-04084,2016,10/05/2016,Chief Judge Leonard T Strand,Chief Judge,Leonard T Strand,12,28,0.0,11.0,case_parties,assigned_judge,0,3.0,2.0,
iand;;5:16-cr-04084,iand,5:16-cr-04084,2016,10/05/2016,Magistrate Judge Kelly K.E. Mahoney,Magistrate Judge,Kelly K.E. Mahoney,17,35,0.0,16.0,case_parties,referred_judges,1,4.0,3.0,
iand;;5:16-cr-04084,iand,5:16-cr-04084,2016,10/05/2016,Chief Judge Leonard T Strand,Chief Judge,Leonard T Strand,12,28,0.0,11.0,case_parties,assigned_judge,0,4.0,3.0,
iand;;5:16-cr-04084,iand,5:16-cr-04084,2016,10/05/2016,Magistrate Judge Kelly K.E. Mahoney,Magistrate Judge,Kelly K.E. Mahoney,17,35,0.0,16.0,case_parties,referred_judges,1,5.0,4.0,
iand;;5:16-cr-04084,iand,5:16-cr-04084,2016,10/05/2016,Chief Judge Leonard T Strand,Chief Judge,Leonard T Strand,12,28,0.0,11.0,case_parties,assigned_judge,0,5.0,4.0,
iand;;5:16-cr-04084,iand,5:16-cr-04084,2016,10/05/2016,Magistrate Judge Kelly K.E. Mahoney,Magistrate Judge,Kelly K.E. Mahoney,17,35,0.0,16.0,case_parties,referred_judges,1,6.0,5.0,
iand;;5:16-cr-04084,iand,5:16-cr-04084,2016,10/05/2016,Chief Judge Leonard T Strand,Chief Judge,Leonard T Strand,12,28,0.0,11.0,case_parties,assigned_judge,0,6.0,5.0,
iand;;5:16-cr-04084,iand,5:16-cr-04084,2016,10/05/2016,Magistrate Judge Kelly K.E. Mahoney,Magistrate Judge,Kelly K.E. Mahoney,17,35,0.0,16.0,case_parties,referred_judges,1,7.0,6.0,
iand;;5:16-cr-04084,iand,5:16-cr-04084,2016,10/05/2016,Chief Judge Leonard T Strand,Chief Judge,Leonard T Strand,12,28,0.0,11.0,case_parties,assigned_judge,0,7.0,6.0,
iand;;5:16-cv-04011,iand,5:16-cv-04011,2016,02/17/2016,Kelly Mahoney,,Kelly Mahoney,0,13,,,case_header,referred_judges,1,,,
iand;;5:16-cv-04011,iand,5:16-cv-04011,2016,02/17/2016,Mark W. Bennett,,Mark W. Bennett,0,15,,,case_header,assigned_judge,0,,,
iand;;6:16-cr-02016,iand,6:16-cr-02016,2016,03/23/2016,Magistrate Judge Mark A Roberts,Magistrate Judge,Mark A Roberts,17,31,0.0,16.0,case_parties,referred_judges,1,2.0,1.0,
iand;;6:16-cr-02016,iand,6:16-cr-02016,2016,03/23/2016,Judge CJ Williams,Judge,CJ Williams,6,17,0.0,5.0,case_parties,assigned_judge,0,2.0,1.0,
iasd;;3:16-cv-00004,iasd,3:16-cv-00004,2016,01/27/2016,Magistrate Judge Celeste F. Bremer,Magistrate Judge,Celeste F. Bremer,17,34,0.0,16.0,case_header,referred_judges,1,,,
iasd;;3:16-cv-00004,iasd,3:16-cv-00004,2016,01/27/2016,Chief Judge John A. Jarvey,Chief Judge,John A. Jarvey,12,26,0.0,11.0,case_header,assigned_judge,0,,,
iasd;;4:16-cr-00023,iasd,4:16-cr-00023,2016,02/22/2016,Magistrate Judge Celeste F. Bremer,Magistrate Judge,Celeste F. Bremer,17,34,0.0,16.0,case_parties,referred_judges,1,0.0,1.0,
iasd;;4:16-cr-00023,iasd,4:16-cr-00023,2016,02/22/2016,Judge Stephanie M. Rose,Judge,Stephanie M. Rose,6,23,0.0,5.0,case_parties,assigned_judge,0,0.0,1.0,
iasd;;4:16-cv-00141,iasd,4:16-cv-00141,2016,04/28/2016,Judge Stephanie M. Rose,Judge,Stephanie M. Rose,6,23,0.0,5.0,case_header,assigned_judge,0,,,
iasd;;4:16-cv-00548,iasd,4:16-cv-00548,2016,10/12/2016,"Magistrate Judge Stephen B. Jackson, Jr",Magistrate Judge,"Stephen B. Jackson, Jr",17,39,0.0,16.0,case_header,assigned_judge,0,,,
iasd;;4:16-cv-00652,iasd,4:16-cv-00652,2016,12/28/2016,Senior Judge Robert W. Pratt,Senior Judge,Robert W. Pratt,13,28,0.0,12.0,case_header,assigned_judge,0,,,
idd;;1:16-cv-00253,idd,1:16-cv-00253,2016,06/20/2016,B. Lynn Winmill,,B. Lynn Winmill,0,15,,,case_header,assigned_judge,0,,,
idd;;1:16-cv-00310,idd,1:16-cv-00310,2016,07/11/2016,Judge Candy W. Dale,Judge,Candy W. Dale,6,19,0.0,5.0,case_header,assigned_judge,0,,,
idd;;1:16-cv-00497,idd,1:16-cv-00497,2016,11/14/2016,Ronald E. Bush,,Ronald E. Bush,0,14,,,case_header,assigned_judge,0,,,
idd;;1:16-cv-00519,idd,1:16-cv-00519,2016,12/02/2016,"Judge Terry J Hatter, Jr",Judge,"Terry J Hatter, Jr",6,24,0.0,5.0,case_header,assigned_judge,0,,,
idd;;4:16-cr-00015,idd,4:16-cr-00015,2016,02/10/2016,Judge B. Lynn Winmill,Judge,B. Lynn Winmill,6,21,0.0,5.0,case_parties,assigned_judge,0,0.0,1.0,
ilcd;;2:16-cv-02121,ilcd,2:16-cv-02121,2016,05/03/2016,Magistrate Judge Eric I. Long,Magistrate Judge,Eric I. Long,17,29,0.0,16.0,case_header,referred_judges,1,,,
ilcd;;2:16-cv-02121,ilcd,2:16-cv-02121,2016,05/03/2016,Judge Colin Stirling Bruce,Judge,Colin Stirling Bruce,6,26,0.0,5.0,case_header,assigned_judge,0,,,
ilcd;;2:16-cv-02361,ilcd,2:16-cv-02361,2016,11/29/2016,Magistrate Judge Tom Schanzle-Haskins,Magistrate Judge,Tom Schanzle-Haskins,17,37,0.0,16.0,case_header,referred_judges,1,,,
ilcd;;2:16-cv-02361,ilcd,2:16-cv-02361,2016,11/29/2016,Judge Sue E. Myerscough,Judge,Sue E. Myerscough,6,23,0.0,5.0,case_header,assigned_judge,0,,,
ilcd;;3:16-cv-03271,ilcd,3:16-cv-03271,2016,09/30/2016,Magistrate Judge Tom Schanzle-Haskins,Magistrate Judge,Tom Schanzle-Haskins,17,37,0.0,16.0,case_header,referred_judges,1,,,
ilcd;;3:16-cv-03271,ilcd,3:16-cv-03271,2016,09/30/2016,Judge Sue E. Myerscough,Judge,Sue E. Myerscough,6,23,0.0,5.0,case_header,assigned_judge,0,,,
ilcd;;4:16-cv-04232,ilcd,4:16-cv-04232,2016,10/25/2016,Jonathan E. Hawley,,Jonathan E. Hawley,0,18,,,case_header,assigned_judge,0,,,
ilcd;;4:16-cv-04247,ilcd,4:16-cv-04247,2016,11/10/2016,Magistrate Judge Jonathan E. Hawley,Magistrate Judge,Jonathan E. Hawley,17,35,0.0,16.0,case_header,assigned_judge,0,,,
ilnd;;1:06-cv-06325,ilnd,1:06-cv-06325,2006,11/20/2006,Honorable William T. Hart,Honorable,William T. Hart,10,25,0.0,9.0,case_header,assigned_judge,0,,,
ilnd;;1:07-cv-00698,ilnd,1:07-cv-00698,2007,02/06/2007,Honorable John W. Darrah,Honorable,John W. Darrah,10,24,0.0,9.0,case_header,assigned_judge,0,,,
ilnd;;1:12-cv-02920,ilnd,1:12-cv-02920,2012,04/19/2012,Honorable Joan B. Gottschall,Honorable,Joan B. Gottschall,10,28,0.0,9.0,case_header,assigned_judge,0,,,
ilnd;;1:14-cv-05977,ilnd,1:14-cv-05977,2014,08/05/2014,Honorable Manish S. Shah,Honorable,Manish S. Shah,10,24,0.0,9.0,case_header,assigned_judge,0,,,
ilnd;;1:21-cv-00165,ilnd,1:21-cv-00165,2021,01/12/2021,Honorable Franklin U. Valderrama,Honorable,Franklin U. Valderrama,10,32,0.0,9.0,case_header,assigned_judge,0,,,
ilsd;;3:16-cr-30112,ilsd,3:16-cr-30112,2016,10/20/2016,Chief Judge Nancy J. Rosenstengel,Chief Judge,Nancy J. Rosenstengel,12,33,0.0,11.0,case_parties,assigned_judge,0,0.0,1.0,
ilsd;;3:16-cv-01014,ilsd,3:16-cv-01014,2016,09/07/2016,Magistrate Judge Reona J. Daly,Magistrate Judge,Reona J. Daly,17,30,0.0,16.0,case_header,referred_judges,1,,,
ilsd;;3:16-cv-01014,ilsd,3:16-cv-01014,2016,09/07/2016,Judge J. Phil Gilbert,Judge,J. Phil Gilbert,6,21,0.0,5.0,case_header,assigned_judge,0,,,
innd;;2:16-cv-00313,innd,2:16-cv-00313,2016,07/05/2016,Chief Judge Theresa L Springmann,Chief Judge,Theresa L Springmann,12,32,0.0,11.0,case_header,assigned_judge,0,,,
innd;;3:16-cr-00091,innd,3:16-cr-00091,2016,11/16/2016,"Magistrate Judge Michael G Gotsch, Sr",Magistrate Judge,"Michael G Gotsch, Sr",17,37,0.0,16.0,case_parties,referred_judges,1,0.0,1.0,
innd;;3:16-cr-00091,innd,3:16-cr-00091,2016,11/16/2016,Judge Jon E DeGuilio,Judge,Jon E DeGuilio,6,20,0.0,5.0,case_parties,assigned_judge,0,0.0,1.0,
innd;;3:16-cv-00062,innd,3:16-cv-00062,2016,02/08/2016,Judge Rudy Lozano,Judge,Rudy Lozano,6,17,0.0,5.0,case_header,assigned_judge,0,,,
innd;;3:16-cv-00166,innd,3:16-cv-00166,2016,03/21/2016,Senior Judge James T Moody,Senior Judge,James T Moody,13,26,0.0,12.0,case_header,assigned_judge,0,,,
innd;;3:16-cv-00663,innd,3:16-cv-00663,2016,09/30/2016,"Magistrate Judge Michael G Gotsch, Sr",Magistrate Judge,"Michael G Gotsch, Sr",17,37,0.0,16.0,case_header,assigned_judge,0,,,
insd;;1:16-cv-00823,insd,1:16-cv-00823,2016,04/14/2016,Magistrate Judge Denise K. LaRue,Magistrate Judge,Denise K. LaRue,17,32,0.0,16.0,case_header,referred_judges,1,,,
insd;;1:16-cv-00823,insd,1:16-cv-00823,2016,04/14/2016,Judge Jane Magnus-Stinson,Judge,Jane Magnus-Stinson,6,25,0.0,5.0,case_header,assigned_judge,0,,,
insd;;1:16-cv-02072,insd,1:16-cv-02072,2016,08/02/2016,Magistrate Judge Mark J. Dinsmore,Magistrate Judge,Mark J. Dinsmore,17,33,0.0,16.0,case_header,referred_judges,1,,,
insd;;1:16-cv-02072,insd,1:16-cv-02072,2016,08/02/2016,Judge Jane Magnus-Stinson,Judge,Jane Magnus-Stinson,6,25,0.0,5.0,case_header,assigned_judge,0,,,
insd;;1:16-cv-02637,insd,1:16-cv-02637,2016,10/04/2016,Magistrate Judge Denise K. LaRue,Magistrate Judge,Denise K. LaRue,17,32,0.0,16.0,case_header,referred_judges,1,,,
insd;;1:16-cv-02637,insd,1:16-cv-02637,2016,10/04/2016,Judge Jane Magnus-Stinson,Judge,Jane Magnus-Stinson,6,25,0.0,5.0,case_header,assigned_judge,0,,,
insd;;1:16-cv-02954,insd,1:16-cv-02954,2016,10/31/2016,Magistrate Judge Tim A. Baker,Magistrate Judge,Tim A. Baker,17,29,0.0,16.0,case_header,referred_judges,1,,,
insd;;1:16-cv-02954,insd,1:16-cv-02954,2016,10/31/2016,Judge Richard L. Young,Judge,Richard L. Young,6,22,0.0,5.0,case_header,assigned_judge,0,,,
insd;;4:16-cv-00159,insd,4:16-cv-00159,2016,08/30/2016,Judge Tanya Walton Pratt,Judge,Tanya Walton Pratt,6,24,0.0,5.0,case_header,referred_judges,1,,,
insd;;4:16-cv-00159,insd,4:16-cv-00159,2016,08/30/2016,Magistrate Judge Tim A. Baker,Magistrate Judge,Tim A. Baker,17,29,0.0,16.0,case_header,assigned_judge,0,,,
ksd;;2:16-cv-02018,ksd,2:16-cv-02018,2016,01/11/2016,Gerald L. Rushfelt,,Gerald L. Rushfelt,0,18,,,case_header,referred_judges,1,,,
ksd;;2:16-cv-02018,ksd,2:16-cv-02018,2016,01/11/2016,Daniel D. Crabtree,,Daniel D. Crabtree,0,18,,,case_header,assigned_judge,0,,,
ksd;;6:16-cr-10048,ksd,6:16-cr-10048,2016,03/29/2016,District Judge Eric F. Melgren,District Judge,Eric F. Melgren,15,30,0.0,14.0,case_parties,assigned_judge,0,0.0,1.0,
ksd;;6:16-cv-01077,ksd,6:16-cv-01077,2016,03/25/2016,Eric F. Melgren,,Eric F. Melgren,0,15,,,case_header,assigned_judge,0,,,
ksd;;6:16-cv-01087,ksd,6:16-cv-01087,2016,04/05/2016,John W. Lungstrum,,John W. Lungstrum,0,17,,,case_header,assigned_judge,0,,,
kyed;;2:16-cv-00012,kyed,2:16-cv-00012,2016,01/27/2016,Gregory Wehrman,,Gregory Wehrman,0,15,,,case_header,assigned_judge,0,,,
kyed;;2:16-cv-00217,kyed,2:16-cv-00217,2016,12/07/2016,Magistrate Judge Candace J. Smith,Magistrate Judge,Candace J. Smith,17,33,0.0,16.0,case_header,referred_judges,1,,,
kyed;;2:16-cv-00217,kyed,2:16-cv-00217,2016,12/07/2016,Judge William O. Bertelsman,Judge,William O. Bertelsman,6,27,0.0,5.0,case_header,assigned_judge,0,,,
kyed;;3:16-cv-00084,kyed,3:16-cv-00084,2016,10/21/2016,Gregory F. Vantatenhove,,Gregory F. Vantatenhove,0,23,,,case_header,assigned_judge,0,,,
kyed;;6:16-cr-00009,kyed,6:16-cr-00009,2016,03/31/2016,Magistrate Judge Hanly A. Ingram,Magistrate Judge,Hanly A. Ingram,17,32,0.0,16.0,case_parties,referred_judges,1,0.0,1.0,
kyed;;6:16-cr-00009,kyed,6:16-cr-00009,2016,03/31/2016,Judge Gregory F. VanTatenhove,Judge,Gregory F. VanTatenhove,6,29,0.0,5.0,case_parties,assigned_judge,0,0.0,1.0,
kyed;;6:16-cr-00010,kyed,6:16-cr-00010,2016,04/28/2016,Magistrate Judge Hanly A. Ingram,Magistrate Judge,Hanly A. Ingram,17,32,0.0,16.0,case_parties,referred_judges,1,0.0,1.0,
kyed;;6:16-cr-00010,kyed,6:16-cr-00010,2016,04/28/2016,Judge Gregory F. VanTatenhove,Judge,Gregory F. VanTatenhove,6,29,0.0,5.0,case_parties,assigned_judge,0,0.0,1.0,
kyed;;6:16-cr-00010,kyed,6:16-cr-00010,2016,04/28/2016,Magistrate Judge Hanly A. Ingram,Magistrate Judge,Hanly A. Ingram,17,32,0.0,16.0,case_parties,referred_judges,1,1.0,2.0,
kyed;;6:16-cr-00010,kyed,6:16-cr-00010,2016,04/28/2016,Judge Gregory F. VanTatenhove,Judge,Gregory F. VanTatenhove,6,29,0.0,5.0,case_parties,assigned_judge,0,1.0,2.0,
kyed;;6:16-cr-00010,kyed,6:16-cr-00010,2016,04/28/2016,Magistrate Judge Hanly A. Ingram,Magistrate Judge,Hanly A. Ingram,17,32,0.0,16.0,case_parties,referred_judges,1,2.0,3.0,
kyed;;6:16-cr-00010,kyed,6:16-cr-00010,2016,04/28/2016,Judge Gregory F. VanTatenhove,Judge,Gregory F. VanTatenhove,6,29,0.0,5.0,case_parties,assigned_judge,0,2.0,3.0,
kyed;;6:16-cr-00010,kyed,6:16-cr-00010,2016,04/28/2016,Magistrate Judge Candace J. Smith,Magistrate Judge,Candace J. Smith,17,33,0.0,16.0,case_parties,referred_judges,1,3.0,4.0,
kyed;;6:16-cr-00010,kyed,6:16-cr-00010,2016,04/28/2016,Judge Gregory F. VanTatenhove,Judge,Gregory F. VanTatenhove,6,29,0.0,5.0,case_parties,assigned_judge,0,3.0,4.0,
kywd;;3:16-cv-00295,kywd,3:16-cv-00295,2016,05/19/2016,Magistrate Judge Colin H. Lindsay,Magistrate Judge,Colin H. Lindsay,17,33,0.0,16.0,case_header,referred_judges,1,,,
kywd;;3:16-cv-00295,kywd,3:16-cv-00295,2016,05/19/2016,"Chief Judge Joseph H. McKinley, Jr",Chief Judge,"Joseph H. McKinley, Jr",12,34,0.0,11.0,case_header,assigned_judge,0,,,
kywd;;3:16-cv-00469,kywd,3:16-cv-00469,2016,07/20/2016,Magistrate Judge Lanny King,Magistrate Judge,Lanny King,17,27,0.0,16.0,case_header,referred_judges,1,,,
kywd;;3:16-cv-00469,kywd,3:16-cv-00469,2016,07/20/2016,Senior Judge Thomas B. Russell,Senior Judge,Thomas B. Russell,13,30,0.0,12.0,case_header,assigned_judge,0,,,
kywd;;4:16-cv-00121,kywd,4:16-cv-00121,2016,09/30/2016,Magistrate Judge H. Brent Brennenstuhl,Magistrate Judge,H. Brent Brennenstuhl,17,38,0.0,16.0,case_header,referred_judges,1,,,
kywd;;4:16-cv-00121,kywd,4:16-cv-00121,2016,09/30/2016,"Chief Judge Joseph H. McKinley, Jr",Chief Judge,"Joseph H. McKinley, Jr",12,34,0.0,11.0,case_header,assigned_judge,0,,,
kywd;;4:16-cv-00157,kywd,4:16-cv-00157,2016,12/12/2016,"Chief Judge Joseph H. McKinley, Jr",Chief Judge,"Joseph H. McKinley, Jr",12,34,0.0,11.0,case_header,assigned_judge,0,,,
laed;;2:16-cv-00022,laed,2:16-cv-00022,2016,01/04/2016,Joseph C. Wilkinson Jr.,,Joseph C. Wilkinson Jr.,0,23,,,case_header,referred_judges,1,,,
laed;;2:16-cv-00022,laed,2:16-cv-00022,2016,01/04/2016,Carl Barbier,,Carl Barbier,0,12,,,case_header,assigned_judge,0,,,
laed;;2:16-cv-01616,laed,2:16-cv-01616,2016,02/26/2016,Michael North,,Michael North,0,13,,,case_header,referred_judges,1,,,
laed;;2:16-cv-01616,laed,2:16-cv-01616,2016,02/26/2016,Eldon E. Fallon,,Eldon E. Fallon,0,15,,,case_header,assigned_judge,0,,,
laed;;2:16-cv-04377,laed,2:16-cv-04377,2016,05/07/2016,Joseph C. Wilkinson Jr.,,Joseph C. Wilkinson Jr.,0,23,,,case_header,referred_judges,1,,,
laed;;2:16-cv-04377,laed,2:16-cv-04377,2016,05/07/2016,Carl Barbier,,Carl Barbier,0,12,,,case_header,assigned_judge,0,,,
laed;;2:16-cv-12296,laed,2:16-cv-12296,2016,06/30/2016,Magistrate Judge Michael North,Magistrate Judge,Michael North,17,30,0.0,16.0,case_header,referred_judges,1,,,
laed;;2:16-cv-12296,laed,2:16-cv-12296,2016,06/30/2016,Judge Eldon E. Fallon,Judge,Eldon E. Fallon,6,21,0.0,5.0,case_header,assigned_judge,0,,,
laed;;2:16-cv-14157,laed,2:16-cv-14157,2016,08/26/2016,Magistrate Judge Michael North,Magistrate Judge,Michael North,17,30,0.0,16.0,case_header,referred_judges,1,,,
laed;;2:16-cv-14157,laed,2:16-cv-14157,2016,08/26/2016,Judge Eldon E. Fallon,Judge,Eldon E. Fallon,6,21,0.0,5.0,case_header,assigned_judge,0,,,
lamd;;3:16-cv-00318,lamd,3:16-cv-00318,2016,05/10/2016,Richard L. Bourgeois Jr.,,Richard L. Bourgeois Jr.,0,24,,,case_header,referred_judges,1,,,
lamd;;3:16-cv-00318,lamd,3:16-cv-00318,2016,05/10/2016,James J. Brady,,James J. Brady,0,14,,,case_header,assigned_judge,0,,,
lamd;;3:16-cv-00400,lamd,3:16-cv-00400,2016,06/17/2016,"Magistrate Judge Richard L. Bourgeois, Jr",Magistrate Judge,"Richard L. Bourgeois, Jr",17,41,0.0,16.0,case_header,referred_judges,1,,,
lamd;;3:16-cv-00400,lamd,3:16-cv-00400,2016,06/17/2016,Judge John W. deGravelles,Judge,John W. deGravelles,6,25,0.0,5.0,case_header,assigned_judge,0,,,
lamd;;3:16-cv-00552,lamd,3:16-cv-00552,2016,08/29/2016,Erin Wilder-Doomes,,Erin Wilder-Doomes,0,18,,,case_header,referred_judges,1,,,
lamd;;3:16-cv-00552,lamd,3:16-cv-00552,2016,08/29/2016,John W. Degravelles,,John W. Degravelles,0,19,,,case_header,assigned_judge,0,,,
lamd;;3:16-cv-00599,lamd,3:16-cv-00599,2016,09/10/2016,Magistrate Judge Erin Wilder-Doomes,Magistrate Judge,Erin Wilder-Doomes,17,35,0.0,16.0,case_header,referred_judges,1,,,
lamd;;3:16-cv-00599,lamd,3:16-cv-00599,2016,09/10/2016,Judge John W. deGravelles,Judge,John W. deGravelles,6,25,0.0,5.0,case_header,assigned_judge,0,,,
lamd;;3:16-cv-00822,lamd,3:16-cv-00822,2016,12/06/2016,Richard L. Bourgeois Jr.,,Richard L. Bourgeois Jr.,0,24,,,case_header,referred_judges,1,,,
lamd;;3:16-cv-00822,lamd,3:16-cv-00822,2016,12/06/2016,Shelly D. Dick,,Shelly D. Dick,0,14,,,case_header,assigned_judge,0,,,
lawd;;5:16-cv-01474,lawd,5:16-cv-01474,2016,10/21/2016,Mark L. Hornsby,,Mark L. Hornsby,0,15,,,case_header,referred_judges,1,,,
lawd;;5:16-cv-01474,lawd,5:16-cv-01474,2016,10/21/2016,Elizabeth E. Foote,,Elizabeth E. Foote,0,18,,,case_header,assigned_judge,0,,,
lawd;;5:16-cv-01594,lawd,5:16-cv-01594,2016,11/16/2016,Magistrate Judge Karen L Hayes,Magistrate Judge,Karen L Hayes,17,30,0.0,16.0,case_header,referred_judges,1,,,
lawd;;5:16-cv-01594,lawd,5:16-cv-01594,2016,11/16/2016,Judge Elizabeth E Foote,Judge,Elizabeth E Foote,6,23,0.0,5.0,case_header,assigned_judge,0,,,
lawd;;6:16-cv-01504,lawd,6:16-cv-01504,2016,10/26/2016,Carol B. Whitehurst,,Carol B. Whitehurst,0,19,,,case_header,referred_judges,1,,,
lawd;;6:16-cv-01504,lawd,6:16-cv-01504,2016,10/26/2016,Rebecca F. Doherty,,Rebecca F. Doherty,0,18,,,case_header,assigned_judge,0,,,
lawd;;7:16-cr-00243,lawd,7:16-cr-00243,2016,10/21/2016,Magistrate Judge Kathleen Kay,Magistrate Judge,Kathleen Kay,17,29,0.0,16.0,case_parties,assigned_judge,0,0.0,1.0,
mad;;1:16-cv-10955,mad,1:16-cv-10955,2016,05/25/2016,Judge Douglas P. Woodlock,Judge,Douglas P. Woodlock,6,25,0.0,5.0,case_header,assigned_judge,0,,,
mad;;1:16-cv-11527,mad,1:16-cv-11527,2016,07/25/2016,"Chief Judge F. Dennis Saylor, IV",Chief Judge,"F. Dennis Saylor, IV",12,32,0.0,11.0,case_header,assigned_judge,0,,,
mad;;1:16-cv-11661,mad,1:16-cv-11661,2016,08/16/2016,Nathaniel M. Gorton,,Nathaniel M. Gorton,0,19,,,case_header,assigned_judge,0,,,
mad;;1:16-cv-12392,mad,1:16-cv-12392,2016,11/23/2016,"Chief Judge F. Dennis Saylor, IV",Chief Judge,"F. Dennis Saylor, IV",12,32,0.0,11.0,case_header,assigned_judge,0,,,
mad;;3:16-cv-30079,mad,3:16-cv-30079,2016,05/20/2016,Magistrate Judge Katherine A. Robertson,Magistrate Judge,Katherine A. Robertson,17,39,0.0,16.0,case_header,referred_judges,1,,,
mad;;3:16-cv-30079,mad,3:16-cv-30079,2016,05/20/2016,Judge Mark G. Mastroianni,Judge,Mark G. Mastroianni,6,25,0.0,5.0,case_header,assigned_judge,0,,,
mdd;;1:16-cv-01981,mdd,1:16-cv-01981,2016,06/08/2016,Judge Catherine C. Blake,Judge,Catherine C. Blake,6,24,0.0,5.0,case_header,assigned_judge,0,,,
mdd;;1:16-cv-03179,mdd,1:16-cv-03179,2016,09/19/2016,Timothy J. Sullivan,,Timothy J. Sullivan,0,19,,,case_header,referred_judges,1,,,
mdd;;1:16-cv-03179,mdd,1:16-cv-03179,2016,09/19/2016,Marvin J. Garbis,,Marvin J. Garbis,0,16,,,case_header,assigned_judge,0,,,
mdd;;1:16-cv-03904,mdd,1:16-cv-03904,2016,12/06/2016,"Judge George Levi Russell, III",Judge,"George Levi Russell, III",6,30,0.0,5.0,case_header,assigned_judge,0,,,
mdd;;8:16-cv-01882,mdd,8:16-cv-01882,2016,06/06/2016,Judge Deborah K. Chasanow,Judge,Deborah K. Chasanow,6,25,0.0,5.0,case_header,assigned_judge,0,,,
med;;1:16-cr-00022,med,1:16-cr-00022,2016,02/11/2016,"JUDGE JOHN A. WOODCOCK, JR",JUDGE,"JOHN A. WOODCOCK, JR",6,26,0.0,5.0,case_parties,assigned_judge,0,0.0,1.0,
med;;1:16-cv-00147,med,1:16-cv-00147,2016,03/10/2016,John C. Nivison,,John C. Nivison,0,15,,,case_header,referred_judges,1,,,
med;;1:16-cv-00147,med,1:16-cv-00147,2016,03/10/2016,Jon D. Levy,,Jon D. Levy,0,11,,,case_header,assigned_judge,0,,,
med;;1:16-cv-00473,med,1:16-cv-00473,2016,09/16/2016,MAGISTRATE JUDGE JOHN C. NIVISON,MAGISTRATE JUDGE,JOHN C. NIVISON,17,32,0.0,16.0,case_header,referred_judges,1,,,
med;;1:16-cv-00473,med,1:16-cv-00473,2016,09/16/2016,JUDGE GEORGE Z. SINGAL,JUDGE,GEORGE Z. SINGAL,6,22,0.0,5.0,case_header,assigned_judge,0,,,
med;;2:16-cr-00114,med,2:16-cr-00114,2016,08/23/2016,JUDGE JON D. LEVY,JUDGE,JON D. LEVY,6,17,0.0,5.0,case_parties,assigned_judge,0,0.0,1.0,
med;;2:16-cv-00240,med,2:16-cv-00240,2016,05/10/2016,John H. Rich III,,John H. Rich III,0,16,,,case_header,assigned_judge,0,,,
mied;;1:16-cv-10737,mied,1:16-cv-10737,2016,03/02/2016,Patricia T. Morris,,Patricia T. Morris,0,18,,,case_header,referred_judges,1,,,
mied;;1:16-cv-10737,mied,1:16-cv-10737,2016,03/02/2016,Thomas L. Ludington,,Thomas L. Ludington,0,19,,,case_header,assigned_judge,0,,,
mied;;2:16-cv-10083,mied,2:16-cv-10083,2016,01/12/2016,Stephanie Dawkins Davis,,Stephanie Dawkins Davis,0,23,,,case_header,referred_judges,1,,,
mied;;2:16-cv-10083,mied,2:16-cv-10083,2016,01/12/2016,Gershwin A. Drain,,Gershwin A. Drain,0,17,,,case_header,assigned_judge,0,,,
mied;;2:16-cv-11620,mied,2:16-cv-11620,2016,05/05/2016,Magistrate Judge R. Steven Whalen,Magistrate Judge,R. Steven Whalen,17,33,0.0,16.0,case_header,referred_judges,1,,,
mied;;2:16-cv-11620,mied,2:16-cv-11620,2016,05/05/2016,District Judge Gershwin A. Drain,District Judge,Gershwin A. Drain,15,32,0.0,14.0,case_header,assigned_judge,0,,,
mied;;2:16-cv-13165,mied,2:16-cv-13165,2016,09/01/2016,Mona K. Majzoub,,Mona K. Majzoub,0,15,,,case_header,referred_judges,1,,,
mied;;2:16-cv-13165,mied,2:16-cv-13165,2016,09/01/2016,Victoria A. Roberts,,Victoria A. Roberts,0,19,,,case_header,assigned_judge,0,,,
mied;;4:16-cv-12992,mied,4:16-cv-12992,2016,08/17/2016,Magistrate Judge Patricia T. Morris,Magistrate Judge,Patricia T. Morris,17,35,0.0,16.0,case_header,referred_judges,1,,,
mied;;4:16-cv-12992,mied,4:16-cv-12992,2016,08/17/2016,District Judge Terrence G. Berg,District Judge,Terrence G. Berg,15,31,0.0,14.0,case_header,assigned_judge,0,,,
miwd;;1:16-cv-00369,miwd,1:16-cv-00369,2016,04/08/2016,Phillip J. Green,,Phillip J. Green,0,16,,,case_header,referred_judges,1,,,
miwd;;1:16-cv-00369,miwd,1:16-cv-00369,2016,04/08/2016,Robert J. Jonker,,Robert J. Jonker,0,16,,,case_header,assigned_judge,0,,,
miwd;;1:16-cv-00926,miwd,1:16-cv-00926,2016,07/22/2016,Ellen S. Carmody,,Ellen S. Carmody,0,16,,,case_header,referred_judges,1,,,
miwd;;1:16-cv-00926,miwd,1:16-cv-00926,2016,07/22/2016,Janet T. Neff,,Janet T. Neff,0,13,,,case_header,assigned_judge,0,,,
miwd;;1:16-cv-01263,miwd,1:16-cv-01263,2016,10/24/2016,Magistrate Judge Phillip J. Green,Magistrate Judge,Phillip J. Green,17,33,0.0,16.0,case_header,referred_judges,1,,,
miwd;;1:16-cv-01263,miwd,1:16-cv-01263,2016,10/24/2016,District Judge Paul L. Maloney,District Judge,Paul L. Maloney,15,30,0.0,14.0,case_header,assigned_judge,0,,,
miwd;;1:16-cv-01365,miwd,1:16-cv-01365,2016,11/25/2016,Ellen S. Carmody,,Ellen S. Carmody,0,16,,,case_header,referred_judges,1,,,
miwd;;1:16-cv-01365,miwd,1:16-cv-01365,2016,11/25/2016,Robert J. Jonker,,Robert J. Jonker,0,16,,,case_header,assigned_judge,0,,,
miwd;;1:16-cv-01405,miwd,1:16-cv-01405,2016,12/07/2016,Magistrate Judge Sally J. Berens,Magistrate Judge,Sally J. Berens,17,32,0.0,16.0,case_header,referred_judges,1,,,
miwd;;1:16-cv-01405,miwd,1:16-cv-01405,2016,12/07/2016,Judge Janet T. Neff,Judge,Janet T. Neff,6,19,0.0,5.0,case_header,assigned_judge,0,,,
mnd;;0:16-cv-00142,mnd,0:16-cv-00142,2016,01/22/2016,Becky R. Thorson,,Becky R. Thorson,0,16,,,case_header,referred_judges,1,,,
mnd;;0:16-cv-00142,mnd,0:16-cv-00142,2016,01/22/2016,Joan N. Ericksen,,Joan N. Ericksen,0,16,,,case_header,assigned_judge,0,,,
mnd;;0:16-cv-02800,mnd,0:16-cv-02800,2016,08/19/2016,Magistrate Judge Franklin L. Noel,Magistrate Judge,Franklin L. Noel,17,33,0.0,16.0,case_header,referred_judges,1,,,
mnd;;0:16-cv-02800,mnd,0:16-cv-02800,2016,08/19/2016,Judge Joan N. Ericksen,Judge,Joan N. Ericksen,6,22,0.0,5.0,case_header,assigned_judge,0,,,
mnd;;0:16-cv-03213,mnd,0:16-cv-03213,2016,10/12/2016,Chief Judge John R. Tunheim,Chief Judge,John R. Tunheim,12,27,0.0,11.0,case_header,assigned_judge,0,,,
mnd;;0:16-cv-04293,mnd,0:16-cv-04293,2016,12/20/2016,Magistrate Judge Leo I. Brisbois,Magistrate Judge,Leo I. Brisbois,17,32,0.0,16.0,case_header,referred_judges,1,,,
mnd;;0:16-cv-04293,mnd,0:16-cv-04293,2016,12/20/2016,Judge Donovan W. Frank,Judge,Donovan W. Frank,6,22,0.0,5.0,case_header,assigned_judge,0,,,
mnd;;0:16-cv-04302,mnd,0:16-cv-04302,2016,12/20/2016,Magistrate Judge David T. Schultz,Magistrate Judge,David T. Schultz,17,33,0.0,16.0,case_header,referred_judges,1,,,
mnd;;0:16-cv-04302,mnd,0:16-cv-04302,2016,12/20/2016,Judge Joan N. Ericksen,Judge,Joan N. Ericksen,6,22,0.0,5.0,case_header,assigned_judge,0,,,
moed;;1:16-cv-00129,moed,1:16-cv-00129,2016,06/15/2016,Patricia L. Cohen,,Patricia L. Cohen,0,17,,,case_header,assigned_judge,0,,,
moed;;4:16-cr-00231,moed,4:16-cr-00231,2016,06/08/2016,District Judge Carol E. Jackson,District Judge,Carol E. Jackson,15,31,0.0,14.0,case_parties,assigned_judge,0,0.0,1.0,
moed;;4:16-cv-00595,moed,4:16-cv-00595,2016,04/27/2016,District Judge Rodney W. Sippel,District Judge,Rodney W. Sippel,15,31,0.0,14.0,case_header,assigned_judge,0,,,
moed;;4:16-cv-00715,moed,4:16-cv-00715,2016,05/20/2016,District Judge Audrey G. Fleissig,District Judge,Audrey G. Fleissig,15,33,0.0,14.0,case_header,assigned_judge,0,,,
mowd;;2:16-cv-04121,mowd,2:16-cv-04121,2016,04/20/2016,Magistrate Judge John T. Maughmer,Magistrate Judge,John T. Maughmer,17,33,0.0,16.0,case_header,assigned_judge,0,,,
mowd;;4:16-cv-00570,mowd,4:16-cv-00570,2016,06/13/2016,District Judge Stephen R. Bough,District Judge,Stephen R. Bough,15,31,0.0,14.0,case_header,assigned_judge,0,,,
mowd;;4:16-cv-00676,mowd,4:16-cv-00676,2016,06/21/2016,Prisoner Pro Se,,Prisoner Pro Se,0,15,,,case_header,referred_judges,1,,,
mowd;;4:16-cv-00676,mowd,4:16-cv-00676,2016,06/21/2016,District Judge Greg Kays,District Judge,Greg Kays,15,24,0.0,14.0,case_header,assigned_judge,0,,,
mowd;;6:16-cv-03134,mowd,6:16-cv-03134,2016,04/07/2016,Brian C. Wimes,,Brian C. Wimes,0,14,,,case_header,assigned_judge,0,,,
mowd;;6:16-cv-03141,mowd,6:16-cv-03141,2016,04/11/2016,District Judge M. Douglas Harpool,District Judge,M. Douglas Harpool,15,33,0.0,14.0,case_header,assigned_judge,0,,,
msnd;;1:16-cr-00080,msnd,1:16-cr-00080,2016,08/31/2016,Magistrate Judge David A. Sanders,Magistrate Judge,David A. Sanders,17,33,0.0,16.0,case_parties,referred_judges,1,0.0,1.0,
msnd;;1:16-cr-00080,msnd,1:16-cr-00080,2016,08/31/2016,Senior Judge Glen H. Davidson,Senior Judge,Glen H. Davidson,13,29,0.0,12.0,case_parties,assigned_judge,0,0.0,1.0,
msnd;;1:16-cv-00121,msnd,1:16-cv-00121,2016,07/01/2016,Magistrate Judge David A. Sanders,Magistrate Judge,David A. Sanders,17,33,0.0,16.0,case_header,referred_judges,1,,,
msnd;;1:16-cv-00121,msnd,1:16-cv-00121,2016,07/01/2016,District Judge Sharion Aycock,District Judge,Sharion Aycock,15,29,0.0,14.0,case_header,assigned_judge,0,,,
msnd;;3:16-cv-00245,msnd,3:16-cv-00245,2016,10/26/2016,Magistrate Judge Roy Percy,Magistrate Judge,Roy Percy,17,26,0.0,16.0,case_header,referred_judges,1,,,
msnd;;3:16-cv-00245,msnd,3:16-cv-00245,2016,10/26/2016,District Judge Sharion Aycock,District Judge,Sharion Aycock,15,29,0.0,14.0,case_header,assigned_judge,0,,,
msnd;;4:16-cv-00142,msnd,4:16-cv-00142,2016,06/23/2016,District Judge Michael P. Mills,District Judge,Michael P. Mills,15,31,0.0,14.0,case_header,assigned_judge,0,,,
mssd;;1:16-cv-00130,mssd,1:16-cv-00130,2016,04/19/2016,Robert H. Walker,,Robert H. Walker,0,16,,,case_header,referred_judges,1,,,
mssd;;1:16-cv-00130,mssd,1:16-cv-00130,2016,04/19/2016,Louis Guirola Jr.,,Louis Guirola Jr.,0,17,,,case_header,assigned_judge,0,,,
mssd;;3:16-cv-00380,mssd,3:16-cv-00380,2016,05/23/2016,Magistrate Judge F. Keith Ball,Magistrate Judge,F. Keith Ball,17,30,0.0,16.0,case_header,referred_judges,1,,,
mssd;;3:16-cv-00380,mssd,3:16-cv-00380,2016,05/23/2016,"District Judge Daniel P. Jordan, III",District Judge,"Daniel P. Jordan, III",15,36,0.0,14.0,case_header,assigned_judge,0,,,
mssd;;3:16-cv-00843,mssd,3:16-cv-00843,2016,10/27/2016,Robert H. Walker,,Robert H. Walker,0,16,,,case_header,referred_judges,1,,,
mssd;;3:16-cv-00843,mssd,3:16-cv-00843,2016,10/27/2016,Tom S. Lee,,Tom S. Lee,0,10,,,case_header,assigned_judge,0,,,
mtd;;4:16-cr-00070,mtd,4:16-cr-00070,2016,10/20/2016,Judge Brian Morris,Judge,Brian Morris,6,18,0.0,5.0,case_parties,assigned_judge,0,0.0,1.0,
mtd;;6:16-cv-00031,mtd,6:16-cv-00031,2016,04/04/2016,John Johnston,,John Johnston,0,13,,,case_header,referred_judges,1,,,
mtd;;6:16-cv-00031,mtd,6:16-cv-00031,2016,04/04/2016,Dana L. Christensen,,Dana L. Christensen,0,19,,,case_header,assigned_judge,0,,,
mtd;;9:16-cv-00057,mtd,9:16-cv-00057,2016,04/07/2016,Jeremiah C. Lynch,,Jeremiah C. Lynch,0,17,,,case_header,referred_judges,1,,,
mtd;;9:16-cv-00057,mtd,9:16-cv-00057,2016,04/07/2016,Dana L. Christensen,,Dana L. Christensen,0,19,,,case_header,assigned_judge,0,,,
mtd;;9:16-cv-00090,mtd,9:16-cv-00090,2016,07/13/2016,Jeremiah C. Lynch,,Jeremiah C. Lynch,0,17,,,case_header,referred_judges,1,,,
mtd;;9:16-cv-00090,mtd,9:16-cv-00090,2016,07/13/2016,Dana L. Christensen,,Dana L. Christensen,0,19,,,case_header,assigned_judge,0,,,
nced;;4:16-cr-00066,nced,4:16-cr-00066,2016,11/10/2016,District Judge Terrence W. Boyle,District Judge,Terrence W. Boyle,15,32,0.0,14.0,case_parties,assigned_judge,0,0.0,1.0,
nced;;4:16-cv-00045,nced,4:16-cv-00045,2016,04/07/2016,Senior Judge W. Earl Britt,Senior Judge,W. Earl Britt,13,26,0.0,12.0,case_header,assigned_judge,0,,,
nced;;4:16-cv-00278,nced,4:16-cv-00278,2016,11/23/2016,District Judge Terrence W. Boyle,District Judge,Terrence W. Boyle,15,32,0.0,14.0,case_header,assigned_judge,0,,,
nced;;5:16-cr-00105,nced,5:16-cr-00105,2016,05/03/2016,District Judge Terrence W. Boyle,District Judge,Terrence W. Boyle,15,32,0.0,14.0,case_parties,assigned_judge,0,0.0,1.0,
nced;;5:16-cv-00172,nced,5:16-cv-00172,2016,04/11/2016,District Judge Louise Wood Flanagan,District Judge,Louise Wood Flanagan,15,35,0.0,14.0,case_header,assigned_judge,0,,,
ncmd;;1:16-cv-00064,ncmd,1:16-cv-00064,2016,01/26/2016,Joe L. Webster,,Joe L. Webster,0,14,,,case_header,referred_judges,1,,,
ncmd;;1:16-cv-00064,ncmd,1:16-cv-00064,2016,01/26/2016,Thomas D. Schroeder,,Thomas D. Schroeder,0,19,,,case_header,assigned_judge,0,,,
ncmd;;1:16-cv-00702,ncmd,1:16-cv-00702,2016,06/22/2016,JUDGE CATHERINE C. EAGLES,JUDGE,CATHERINE C. EAGLES,6,25,0.0,5.0,case_header,assigned_judge,0,,,
ncmd;;1:16-cv-01030,ncmd,1:16-cv-01030,2016,08/05/2016,JUDGE THOMAS D. SCHROEDER,JUDGE,THOMAS D. SCHROEDER,6,25,0.0,5.0,case_header,assigned_judge,0,,,
ncmd;;1:16-cv-01389,ncmd,1:16-cv-01389,2016,12/07/2016,JUDGE CATHERINE C. EAGLES,JUDGE,CATHERINE C. EAGLES,6,25,0.0,5.0,case_header,assigned_judge,0,,,
ncmd;;1:16-cv-01449,ncmd,1:16-cv-01449,2016,12/30/2016,JUDGE LORETTA C. BIGGS,JUDGE,LORETTA C. BIGGS,6,22,0.0,5.0,case_header,assigned_judge,0,,,
ncwd;;1:16-cv-00092,ncwd,1:16-cv-00092,2016,04/06/2016,Dennis Howell,,Dennis Howell,0,13,,,case_header,referred_judges,1,,,
ncwd;;1:16-cv-00092,ncwd,1:16-cv-00092,2016,04/06/2016,Martin Reidinger,,Martin Reidinger,0,16,,,case_header,assigned_judge,0,,,
ncwd;;1:16-cv-00278,ncwd,1:16-cv-00278,2016,08/16/2016,Max O. Cogburn Jr.,,Max O. Cogburn Jr.,0,18,,,case_header,assigned_judge,0,,,
ncwd;;3:16-cr-00236,ncwd,3:16-cr-00236,2016,09/21/2016,Magistrate Judge David S. Cayer,Magistrate Judge,David S. Cayer,17,31,0.0,16.0,case_parties,referred_judges,1,0.0,1.0,
ncwd;;3:16-cr-00236,ncwd,3:16-cr-00236,2016,09/21/2016,"District Judge Max O. Cogburn, Jr",District Judge,"Max O. Cogburn, Jr",15,33,0.0,14.0,case_parties,assigned_judge,0,0.0,1.0,
ncwd;;3:16-cv-00122,ncwd,3:16-cv-00122,2016,03/10/2016,Dennis Howell,,Dennis Howell,0,13,,,case_header,referred_judges,1,,,
ncwd;;3:16-cv-00122,ncwd,3:16-cv-00122,2016,03/10/2016,Martin Reidinger,,Martin Reidinger,0,16,,,case_header,assigned_judge,0,,,
ndd;;1:16-cr-00229,ndd,1:16-cr-00229,2016,09/21/2016,Chief Judge Ralph R. Erickson,Chief Judge,Ralph R. Erickson,12,29,0.0,11.0,case_parties,assigned_judge,0,0.0,1.0,
ndd;;3:16-cr-00270,ndd,3:16-cr-00270,2016,11/16/2016,Judge Ralph R. Erickson,Judge,Ralph R. Erickson,6,23,0.0,5.0,case_parties,assigned_judge,0,0.0,1.0,
ndd;;3:16-cr-00270,ndd,3:16-cr-00270,2016,11/16/2016,Judge Ralph R. Erickson,Judge,Ralph R. Erickson,6,23,0.0,5.0,case_parties,assigned_judge,0,1.0,2.0,
ndd;;3:16-cv-00013,ndd,3:16-cv-00013,2016,02/01/2016,Alice R. Senechal,,Alice R. Senechal,0,17,,,case_header,assigned_judge,0,,,
ndd;;3:16-cv-00142,ndd,3:16-cv-00142,2016,06/06/2016,Magistrate Judge Alice R. Senechal,Magistrate Judge,Alice R. Senechal,17,34,0.0,16.0,case_header,referred_judges,1,,,
ndd;;3:16-cv-00142,ndd,3:16-cv-00142,2016,06/06/2016,Chief Judge Daniel L. Hovland,Chief Judge,Daniel L. Hovland,12,29,0.0,11.0,case_header,assigned_judge,0,,,
ndd;;3:16-cv-00291,ndd,3:16-cv-00291,2016,08/09/2016,Magistrate Judge Alice R. Senechal,Magistrate Judge,Alice R. Senechal,17,34,0.0,16.0,case_header,referred_judges,1,,,
ndd;;3:16-cv-00291,ndd,3:16-cv-00291,2016,08/09/2016,Chief Judge Daniel L. Hovland,Chief Judge,Daniel L. Hovland,12,29,0.0,11.0,case_header,assigned_judge,0,,,
ned;;4:16-cr-03037,ned,4:16-cr-03037,2016,03/22/2016,Magistrate Judge Cheryl R. Zwart,Magistrate Judge,Cheryl R. Zwart,17,32,0.0,16.0,case_parties,referred_judges,1,0.0,1.0,
ned;;4:16-cr-03037,ned,4:16-cr-03037,2016,03/22/2016,Chief Judge John M. Gerrard,Chief Judge,John M. Gerrard,12,27,0.0,11.0,case_parties,assigned_judge,0,0.0,1.0,
ned;;4:16-cv-03092,ned,4:16-cv-03092,2016,06/17/2016,Senior Judge Richard G. Kopf,Senior Judge,Richard G. Kopf,13,28,0.0,12.0,case_header,assigned_judge,0,,,
ned;;8:16-cr-00005,ned,8:16-cr-00005,2016,01/20/2016,Magistrate Judge Susan M. Bazis,Magistrate Judge,Susan M. Bazis,17,31,0.0,16.0,case_parties,referred_judges,1,0.0,1.0,
ned;;8:16-cr-00005,ned,8:16-cr-00005,2016,01/20/2016,Senior Judge Joseph F. Bataillon,Senior Judge,Joseph F. Bataillon,13,32,0.0,12.0,case_parties,assigned_judge,0,0.0,1.0,
ned;;8:16-cr-00201,ned,8:16-cr-00201,2016,06/22/2016,Magistrate Judge Susan M. Bazis,Magistrate Judge,Susan M. Bazis,17,31,0.0,16.0,case_parties,referred_judges,1,0.0,1.0,
ned;;8:16-cr-00201,ned,8:16-cr-00201,2016,06/22/2016,Chief Judge John M. Gerrard,Chief Judge,John M. Gerrard,12,27,0.0,11.0,case_parties,assigned_judge,0,0.0,1.0,
nhd;;1:16-cr-00132,nhd,1:16-cr-00132,2016,08/24/2016,Judge Joseph N. Laplante,Judge,Joseph N. Laplante,6,24,0.0,5.0,case_parties,assigned_judge,0,0.0,1.0,
nhd;;1:16-cr-00151,nhd,1:16-cr-00151,2016,10/18/2016,Chief Judge Landya B. McCafferty,Chief Judge,Landya B. McCafferty,12,32,0.0,11.0,case_parties,assigned_judge,0,0.0,1.0,
nhd;;1:16-cr-00180,nhd,1:16-cr-00180,2016,11/02/2016,Judge Steven J. McAuliffe,Judge,Steven J. McAuliffe,6,25,0.0,5.0,case_parties,assigned_judge,0,0.0,1.0,
nhd;;1:16-cv-00199,nhd,1:16-cv-00199,2016,05/19/2016,Judge Steven J. McAuliffe,Judge,Steven J. McAuliffe,6,25,0.0,5.0,case_header,assigned_judge,0,,,
nhd;;1:16-cv-00449,nhd,1:16-cv-00449,2016,10/06/2016,Joseph A. Diclerico Jr.,,Joseph A. Diclerico Jr.,0,23,,,case_header,assigned_judge,0,,,
njd;;1:16-cv-08266,njd,1:16-cv-08266,2016,11/04/2016,Magistrate Judge Ann Marie Donio,Magistrate Judge,Ann Marie Donio,17,32,0.0,16.0,case_header,referred_judges,1,,,
njd;;1:16-cv-08266,njd,1:16-cv-08266,2016,11/04/2016,Chief Judge Jerome B. Simandle,Chief Judge,Jerome B. Simandle,12,30,0.0,11.0,case_header,assigned_judge,0,,,
njd;;1:16-cv-08758,njd,1:16-cv-08758,2016,11/23/2016,Magistrate Judge Karen M. Williams,Magistrate Judge,Karen M. Williams,17,34,0.0,16.0,case_header,referred_judges,1,,,
njd;;1:16-cv-08758,njd,1:16-cv-08758,2016,11/23/2016,Judge Noel L. Hillman,Judge,Noel L. Hillman,6,21,0.0,5.0,case_header,assigned_judge,0,,,
njd;;2:16-cv-00985,njd,2:16-cv-00985,2016,02/23/2016,Leda D. Wettre,,Leda D. Wettre,0,14,,,case_header,referred_judges,1,,,
njd;;2:16-cv-00985,njd,2:16-cv-00985,2016,02/23/2016,Susan D. Wigenton,,Susan D. Wigenton,0,17,,,case_header,assigned_judge,0,,,
njd;;2:16-cv-03795,njd,2:16-cv-03795,2016,06/24/2016,Judge Madeline Cox Arleo,Judge,Madeline Cox Arleo,6,24,0.0,5.0,case_header,assigned_judge,0,,,
njd;;2:16-cv-05778,njd,2:16-cv-05778,2016,09/21/2016,Magistrate Judge Steven C. Mannion,Magistrate Judge,Steven C. Mannion,17,34,0.0,16.0,case_header,referred_judges,1,,,
njd;;2:16-cv-05778,njd,2:16-cv-05778,2016,09/21/2016,Judge Susan D. Wigenton,Judge,Susan D. Wigenton,6,23,0.0,5.0,case_header,assigned_judge,0,,,
nmd;;1:16-cr-01697,nmd,1:16-cr-01697,2016,04/26/2016,District Judge William P. Johnson,District Judge,William P. Johnson,15,33,0.0,14.0,case_parties,assigned_judge,0,0.0,1.0,
nmd;;1:16-cr-02670,nmd,1:16-cr-02670,2016,06/14/2016,District Judge Martha Vazquez,District Judge,Martha Vazquez,15,29,0.0,14.0,case_parties,assigned_judge,0,0.0,1.0,
nmd;;2:16-cr-01146,nmd,2:16-cr-01146,2016,03/25/2016,Sr. District Judge Robert C. Brack,Sr. District Judge,Robert C. Brack,19,34,4.0,18.0,case_parties,assigned_judge,0,0.0,1.0,
nmd;;2:16-cr-02631,nmd,2:16-cr-02631,2016,06/13/2016,Sr. District Judge Robert C. Brack,Sr. District Judge,Robert C. Brack,19,34,4.0,18.0,case_parties,assigned_judge,0,0.0,1.0,
nmd;;2:16-cr-03022,nmd,2:16-cr-03022,2016,07/11/2016,District Judge Frederic Block,District Judge,Frederic Block,15,29,0.0,14.0,case_parties,assigned_judge,0,0.0,1.0,
nmid;;1:16-cr-00001,nmid,1:16-cr-00001,2016,01/06/2016,Chief Judge Ramona V. Manglona,Chief Judge,Ramona V. Manglona,12,30,0.0,11.0,case_parties,assigned_judge,0,0.0,1.0,
nmid;;1:16-cv-00005,nmid,1:16-cv-00005,2016,02/05/2016,Ramona v. Manglona,,Ramona v. Manglona,0,18,,,case_header,assigned_judge,0,,,
nmid;;1:16-cv-00007,nmid,1:16-cv-00007,2016,02/29/2016,Ramona v. Manglona,,Ramona v. Manglona,0,18,,,case_header,assigned_judge,0,,,
nmid;;1:16-cv-00010,nmid,1:16-cv-00010,2016,03/09/2016,Ramona v. Manglona,,Ramona v. Manglona,0,18,,,case_header,assigned_judge,0,,,
nmid;;1:16-cv-00034,nmid,1:16-cv-00034,2016,12/22/2016,Ramona v. Manglona,,Ramona v. Manglona,0,18,,,case_header,assigned_judge,0,,,
nvd;;2:16-cv-00697,nvd,2:16-cv-00697,2016,03/30/2016,Magistrate Judge Elayna J. Youchah,Magistrate Judge,Elayna J. Youchah,17,34,0.0,16.0,case_header,referred_judges,1,,,
nvd;;2:16-cv-00697,nvd,2:16-cv-00697,2016,03/30/2016,"Judge Richard F. Boulware, II",Judge,"Richard F. Boulware, II",6,29,0.0,5.0,case_header,assigned_judge,0,,,
nvd;;2:16-cv-01225,nvd,2:16-cv-01225,2016,06/02/2016,Cam Ferenbach,,Cam Ferenbach,0,13,,,case_header,referred_judges,1,,,
nvd;;2:16-cv-01225,nvd,2:16-cv-01225,2016,06/02/2016,Andrew P. Gordon,,Andrew P. Gordon,0,16,,,case_header,assigned_judge,0,,,
nvd;;2:16-cv-02539,nvd,2:16-cv-02539,2016,11/02/2016,Magistrate Judge Daniel J. Albregts,Magistrate Judge,Daniel J. Albregts,17,35,0.0,16.0,case_header,referred_judges,1,,,
nvd;;2:16-cv-02539,nvd,2:16-cv-02539,2016,11/02/2016,Judge Jennifer A. Dorsey,Judge,Jennifer A. Dorsey,6,24,0.0,5.0,case_header,assigned_judge,0,,,
nvd;;2:16-cv-03025,nvd,2:16-cv-03025,2016,12/29/2016,Magistrate Judge Daniel J. Albregts,Magistrate Judge,Daniel J. Albregts,17,35,0.0,16.0,case_header,referred_judges,1,,,
nvd;;2:16-cv-03025,nvd,2:16-cv-03025,2016,12/29/2016,Judge Jennifer A. Dorsey,Judge,Jennifer A. Dorsey,6,24,0.0,5.0,case_header,assigned_judge,0,,,
nyed;;1:16-cv-01993,nyed,1:16-cv-01993,2016,04/22/2016,Chief Magistrate Cheryl L. Pollak,Chief Magistrate,Cheryl L. Pollak,17,33,0.0,16.0,case_header,assigned_judge,0,,,
nyed;;1:16-cv-02746,nyed,1:16-cv-02746,2016,05/31/2016,Chief Mag. Judge Roanne L. Mann,Chief Mag. Judge,Roanne L. Mann,17,31,0.0,16.0,case_header,referred_judges,1,,,
nyed;;1:16-cv-02746,nyed,1:16-cv-02746,2016,05/31/2016,Judge Rachel P. Kovner,Judge,Rachel P. Kovner,6,22,0.0,5.0,case_header,assigned_judge,0,,,
nyed;;1:16-cv-05230,nyed,1:16-cv-05230,2016,09/20/2016,Chief Magistrate Cheryl L. Pollak,Chief Magistrate,Cheryl L. Pollak,17,33,0.0,16.0,case_header,referred_judges,1,,,
nyed;;1:16-cv-05230,nyed,1:16-cv-05230,2016,09/20/2016,Judge Eric N. Vitaliano,Judge,Eric N. Vitaliano,6,23,0.0,5.0,case_header,assigned_judge,0,,,
nyed;;2:16-cv-02984,nyed,2:16-cv-02984,2016,06/09/2016,Magistrate Judge Lois Bloom,Magistrate Judge,Lois Bloom,17,27,0.0,16.0,case_header,referred_judges,1,,,
nyed;;2:16-cv-02984,nyed,2:16-cv-02984,2016,06/09/2016,Judge Dora Lizette Irizarry,Judge,Dora Lizette Irizarry,6,27,0.0,5.0,case_header,assigned_judge,0,,,
nyed;;2:16-cv-05153,nyed,2:16-cv-05153,2016,09/16/2016,Gary R. Brown,,Gary R. Brown,0,13,,,case_header,referred_judges,1,,,
nyed;;2:16-cv-05153,nyed,2:16-cv-05153,2016,09/16/2016,Leonard D. Wexler,,Leonard D. Wexler,0,17,,,case_header,assigned_judge,0,,,
nynd;;1:15-cv-01564,nynd,1:15-cv-01564,2015,12/31/2015,Magistrate Judge David E. Peebles,Magistrate Judge,David E. Peebles,17,33,0.0,16.0,case_header,referred_judges,1,,,
nynd;;1:15-cv-01564,nynd,1:15-cv-01564,2015,12/31/2015,"Senior Judge Frederick J. Scullin, Jr",Senior Judge,"Frederick J. Scullin, Jr",13,37,0.0,12.0,case_header,assigned_judge,0,,,
nynd;;3:16-cr-00078,nynd,3:16-cr-00078,2016,03/10/2016,Senior Judge Thomas J. McAvoy,Senior Judge,Thomas J. McAvoy,13,29,0.0,12.0,case_parties,assigned_judge,0,0.0,1.0,
nynd;;5:16-cv-00266,nynd,5:16-cv-00266,2016,03/07/2016,Andrew T. Baxter,,Andrew T. Baxter,0,16,,,case_header,assigned_judge,0,,,
nynd;;5:16-cv-00971,nynd,5:16-cv-00971,2016,08/04/2016,US Magistrate Judge Andrew T. Baxter,US Magistrate Judge,Andrew T. Baxter,20,36,3.0,19.0,case_header,referred_judges,1,,,
nynd;;5:16-cv-00971,nynd,5:16-cv-00971,2016,08/04/2016,Senior Judge Thomas J. McAvoy,Senior Judge,Thomas J. McAvoy,13,29,0.0,12.0,case_header,assigned_judge,0,,,
nynd;;6:16-cv-01131,nynd,6:16-cv-01131,2016,09/14/2016,Magistrate Judge Therese Wiley Dancks,Magistrate Judge,Therese Wiley Dancks,17,37,0.0,16.0,case_header,referred_judges,1,,,
nynd;;6:16-cv-01131,nynd,6:16-cv-01131,2016,09/14/2016,Chief Judge Glenn T. Suddaby,Chief Judge,Glenn T. Suddaby,12,28,0.0,11.0,case_header,assigned_judge,0,,,
nysd;;1:16-cv-00890,nysd,1:16-cv-00890,2016,02/04/2016,Vernon S. Broderick,,Vernon S. Broderick,0,19,,,case_header,assigned_judge,0,,,
nysd;;1:16-cv-01236,nysd,1:16-cv-01236,2016,02/17/2016,John G. Koeltl,,John G. Koeltl,0,14,,,case_header,assigned_judge,0,,,
nysd;;1:16-cv-09256,nysd,1:16-cv-09256,2016,11/30/2016,George B. Daniels,,George B. Daniels,0,17,,,case_header,assigned_judge,0,,,
nysd;;7:16-cv-06191,nysd,7:16-cv-06191,2016,08/04/2016,Vincent L. Briccetti,,Vincent L. Briccetti,0,20,,,case_header,assigned_judge,0,,,
nysd;;7:16-cv-10029,nysd,7:16-cv-10029,2016,12/29/2016,Judge Kenneth M. Karas,Judge,Kenneth M. Karas,6,22,0.0,5.0,case_header,assigned_judge,0,,,
nywd;;1:16-cv-00159,nywd,1:16-cv-00159,2016,02/22/2016,Hon. Lawrence J. Vilardo,Hon.,Lawrence J. Vilardo,5,24,0.0,4.0,case_header,assigned_judge,0,,,
nywd;;1:16-cv-00187,nywd,1:16-cv-00187,2016,03/03/2016,Hugh B. Scott,,Hugh B. Scott,0,13,,,case_header,referred_judges,1,,,
nywd;;1:16-cv-00187,nywd,1:16-cv-00187,2016,03/03/2016,Michael A. Telesca,,Michael A. Telesca,0,18,,,case_header,assigned_judge,0,,,
nywd;;1:16-cv-00278,nywd,1:16-cv-00278,2016,04/07/2016,Jeremiah J. McCarthy,,Jeremiah J. McCarthy,0,20,,,case_header,referred_judges,1,,,
nywd;;1:16-cv-00278,nywd,1:16-cv-00278,2016,04/07/2016,Lawrence J. Vilardo,,Lawrence J. Vilardo,0,19,,,case_header,assigned_judge,0,,,
nywd;;1:16-cv-00454,nywd,1:16-cv-00454,2016,06/06/2016,Hon. Michael A. Telesca,Hon.,Michael A. Telesca,5,23,0.0,4.0,case_header,assigned_judge,0,,,
nywd;;1:16-cv-01022,nywd,1:16-cv-01022,2016,12/21/2016,Hon. Hugh B. Scott,Hon.,Hugh B. Scott,5,18,0.0,4.0,case_header,referred_judges,1,,,
nywd;;1:16-cv-01022,nywd,1:16-cv-01022,2016,12/21/2016,Hon. William M. Skretny,Hon.,William M. Skretny,5,23,0.0,4.0,case_header,assigned_judge,0,,,
ohnd;;1:16-cv-01430,ohnd,1:16-cv-01430,2016,06/10/2016,"Judge Solomon Oliver, Jr",Judge,"Solomon Oliver, Jr",6,24,0.0,5.0,case_header,assigned_judge,0,,,
ohnd;;1:16-cv-02569,ohnd,1:16-cv-02569,2016,10/21/2016,Sara Lioi,,Sara Lioi,0,9,,,case_header,assigned_judge,0,,,
ohnd;;3:16-cv-02046,ohnd,3:16-cv-02046,2016,08/15/2016,Judge Jack Zouhary,Judge,Jack Zouhary,6,18,0.0,5.0,case_header,assigned_judge,0,,,
ohnd;;5:16-cv-01305,ohnd,5:16-cv-01305,2016,05/31/2016,John R. Adams,,John R. Adams,0,13,,,case_header,assigned_judge,0,,,
ohnd;;5:16-cv-02858,ohnd,5:16-cv-02858,2016,11/23/2016,John R. Adams,,John R. Adams,0,13,,,case_header,assigned_judge,0,,,
ohsd;;2:16-cv-00789,ohsd,2:16-cv-00789,2016,08/12/2016,Magistrate Judge Elizabeth Preston Deavers,Magistrate Judge,Elizabeth Preston Deavers,17,42,0.0,16.0,case_header,referred_judges,1,,,
ohsd;;2:16-cv-00789,ohsd,2:16-cv-00789,2016,08/12/2016,Chief Judge Edmund A. Sargus,Chief Judge,Edmund A. Sargus,12,28,0.0,11.0,case_header,assigned_judge,0,,,
ohsd;;3:16-cv-00020,ohsd,3:16-cv-00020,2016,01/13/2016,Walter H. Rice,,Walter H. Rice,0,14,,,case_header,assigned_judge,0,,,
ohsd;;3:16-cv-00362,ohsd,3:16-cv-00362,2016,08/22/2016,Sharon L. Ovington,,Sharon L. Ovington,0,18,,,case_header,assigned_judge,0,,,
oked;;6:16-cv-00332,oked,6:16-cv-00332,2016,07/29/2016,Kimberly E. West,,Kimberly E. West,0,16,,,case_header,assigned_judge,0,,,
oked;;6:16-cv-00390,oked,6:16-cv-00390,2016,09/09/2016,Kimberly E. West,,Kimberly E. West,0,16,,,case_header,referred_judges,1,,,
oked;;6:16-cv-00390,oked,6:16-cv-00390,2016,09/09/2016,Ronald A. White,,Ronald A. White,0,15,,,case_header,assigned_judge,0,,,
oked;;6:16-cv-00415,oked,6:16-cv-00415,2016,10/03/2016,Kimberly E. West,,Kimberly E. West,0,16,,,case_header,referred_judges,1,,,
oked;;6:16-cv-00415,oked,6:16-cv-00415,2016,10/03/2016,Steven P. Shreder,,Steven P. Shreder,0,17,,,case_header,assigned_judge,0,,,
oked;;6:16-cv-00513,oked,6:16-cv-00513,2016,11/22/2016,Steven P. Shreder,,Steven P. Shreder,0,17,,,case_header,assigned_judge,0,,,
oked;;6:16-cv-00542,oked,6:16-cv-00542,2016,12/08/2016,Steven P. Shreder,,Steven P. Shreder,0,17,,,case_header,referred_judges,1,,,
oked;;6:16-cv-00542,oked,6:16-cv-00542,2016,12/08/2016,Kimberly E. West,,Kimberly E. West,0,16,,,case_header,assigned_judge,0,,,
oknd;;4:16-cv-00439,oknd,4:16-cv-00439,2016,07/06/2016,Magistrate Judge Frank H McCarthy,Magistrate Judge,Frank H McCarthy,17,33,0.0,16.0,case_header,referred_judges,1,,,
oknd;;4:16-cv-00439,oknd,4:16-cv-00439,2016,07/06/2016,Judge Terence Kern,Judge,Terence Kern,6,18,0.0,5.0,case_header,assigned_judge,0,,,
oknd;;4:16-cv-00465,oknd,4:16-cv-00465,2016,07/15/2016,Gerald B. Cohn,,Gerald B. Cohn,0,14,,,case_header,assigned_judge,0,,,
oknd;;4:16-cv-00576,oknd,4:16-cv-00576,2016,09/02/2016,Magistrate Judge Frank H McCarthy,Magistrate Judge,Frank H McCarthy,17,33,0.0,16.0,case_header,referred_judges,1,,,
oknd;;4:16-cv-00576,oknd,4:16-cv-00576,2016,09/02/2016,Chief Judge John E Dowdell,Chief Judge,John E Dowdell,12,26,0.0,11.0,case_header,assigned_judge,0,,,
oknd;;4:16-cv-00677,oknd,4:16-cv-00677,2016,11/08/2016,Jodi F. Jayne,,Jodi F. Jayne,0,13,,,case_header,referred_judges,1,,,
oknd;;4:16-cv-00677,oknd,4:16-cv-00677,2016,11/08/2016,Gregory K. Frizzell,,Gregory K. Frizzell,0,19,,,case_header,assigned_judge,0,,,
okwd;;5:16-cv-00148,okwd,5:16-cv-00148,2016,02/17/2016,Vicki Miles-Lagrange,,Vicki Miles-Lagrange,0,20,,,case_header,assigned_judge,0,,,
okwd;;5:16-cv-00284,okwd,5:16-cv-00284,2016,03/24/2016,Vicki Miles-Lagrange,,Vicki Miles-Lagrange,0,20,,,case_header,assigned_judge,0,,,
okwd;;5:16-cv-00447,okwd,5:16-cv-00447,2016,05/02/2016,Shon T. Erwin,,Shon T. Erwin,0,13,,,case_header,assigned_judge,0,,,
okwd;;5:16-cv-00538,okwd,5:16-cv-00538,2016,05/23/2016,Honorable Vicki Miles-LaGrange,Honorable,Vicki Miles-LaGrange,10,30,0.0,9.0,case_header,assigned_judge,0,,,
ord;;1:16-cv-00371,ord,1:16-cv-00371,2016,02/26/2016,Mark D. Clarke,,Mark D. Clarke,0,14,,,case_header,assigned_judge,0,,,
ord;;1:16-cv-01385,ord,1:16-cv-01385,2016,07/07/2016,Michael J. McShane,,Michael J. McShane,0,18,,,case_header,assigned_judge,0,,,
ord;;3:16-cv-00334,ord,3:16-cv-00334,2016,02/23/2016,John Jelderks,,John Jelderks,0,13,,,case_header,assigned_judge,0,,,
ord;;3:16-cv-02213,ord,3:16-cv-02213,2016,11/23/2016,Michael W. Mosman,,Michael W. Mosman,0,17,,,case_header,assigned_judge,0,,,
paed;;2:16-cv-00445,paed,2:16-cv-00445,2016,01/26/2016,Anita B. Brody,,Anita B. Brody,0,14,,,case_header,assigned_judge,0,,,
paed;;2:16-cv-01255,paed,2:16-cv-01255,2016,03/18/2016,Gerald A. McHugh,,Gerald A. McHugh,0,16,,,case_header,assigned_judge,0,,,
paed;;2:16-cv-03095,paed,2:16-cv-03095,2016,06/17/2016,Mitchell S. Goldberg,,Mitchell S. Goldberg,0,20,,,case_header,assigned_judge,0,,,
paed;;2:16-cv-04170,paed,2:16-cv-04170,2016,08/02/2016,Gerald J. Pappert,,Gerald J. Pappert,0,17,,,case_header,assigned_judge,0,,,
paed;;5:16-cv-04483,paed,5:16-cv-04483,2016,08/15/2016,HONORABLE EDWARD G. SMITH,HONORABLE,EDWARD G. SMITH,10,25,0.0,9.0,case_header,assigned_judge,0,,,
pamd;;3:16-cv-00257,pamd,3:16-cv-00257,2016,02/12/2016,Magistrate Judge Martin C. Carlson,Magistrate Judge,Martin C. Carlson,17,34,0.0,16.0,case_header,referred_judges,1,,,
pamd;;3:16-cv-00257,pamd,3:16-cv-00257,2016,02/12/2016,Honorable Malachy E Mannion,Honorable,Malachy E Mannion,10,27,0.0,9.0,case_header,assigned_judge,0,,,
pamd;;3:16-cv-00586,pamd,3:16-cv-00586,2016,04/08/2016,Honorable Robert D. Mariani,Honorable,Robert D. Mariani,10,27,0.0,9.0,case_header,assigned_judge,0,,,
pamd;;3:16-cv-02124,pamd,3:16-cv-02124,2016,10/21/2016,Robert D. Mariani,,Robert D. Mariani,0,17,,,case_header,assigned_judge,0,,,
pamd;;4:16-cv-01653,pamd,4:16-cv-01653,2016,08/09/2016,Honorable Matthew W. Brann,Honorable,Matthew W. Brann,10,26,0.0,9.0,case_header,assigned_judge,0,,,
pawd;;2:16-cv-00203,pawd,2:16-cv-00203,2016,02/24/2016,Cynthia Reed Eddy,,Cynthia Reed Eddy,0,17,,,case_header,referred_judges,1,,,
pawd;;2:16-cv-00203,pawd,2:16-cv-00203,2016,02/24/2016,Mark R. Hornak,,Mark R. Hornak,0,14,,,case_header,assigned_judge,0,,,
pawd;;2:16-cv-00500,pawd,2:16-cv-00500,2016,04/25/2016,Donetta W. Ambrose,,Donetta W. Ambrose,0,18,,,case_header,assigned_judge,0,,,
pawd;;2:16-cv-01462,pawd,2:16-cv-01462,2016,09/23/2016,Chief Judge Mark R. Hornak,Chief Judge,Mark R. Hornak,12,26,0.0,11.0,case_header,assigned_judge,0,,,
pawd;;2:16-cv-01749,pawd,2:16-cv-01749,2016,11/21/2016,Magistrate Judge Cynthia Reed Eddy,Magistrate Judge,Cynthia Reed Eddy,17,34,0.0,16.0,case_header,assigned_judge,0,,,
pawd;;3:16-cv-00178,pawd,3:16-cv-00178,2016,08/02/2016,Keith A. Pesto,,Keith A. Pesto,0,14,,,case_header,referred_judges,1,,,
pawd;;3:16-cv-00178,pawd,3:16-cv-00178,2016,08/02/2016,Kim R. Gibson,,Kim R. Gibson,0,13,,,case_header,assigned_judge,0,,,
prd;;3:16-cr-00429,prd,3:16-cr-00429,2016,06/30/2016,US Magistrate Judge Camille L. Velez-Rive,US Magistrate Judge,Camille L. Velez-Rive,20,41,3.0,19.0,case_parties,referred_judges,1,0.0,1.0,
prd;;3:16-cr-00429,prd,3:16-cr-00429,2016,06/30/2016,Judge Daniel R. Dominguez,Judge,Daniel R. Dominguez,6,25,0.0,5.0,case_parties,assigned_judge,0,0.0,1.0,
prd;;3:16-cv-01231,prd,3:16-cv-01231,2016,02/08/2016,Salvador E. Casellas,,Salvador E. Casellas,0,20,,,case_header,assigned_judge,0,,,
prd;;3:16-cv-01622,prd,3:16-cv-01622,2016,04/04/2016,Judge Jay A. Garcia-Gregory,Judge,Jay A. Garcia-Gregory,6,27,0.0,5.0,case_header,assigned_judge,0,,,
prd;;3:16-cv-02232,prd,3:16-cv-02232,2016,06/29/2016,Judge Jay A. Garcia-Gregory,Judge,Jay A. Garcia-Gregory,6,27,0.0,5.0,case_header,assigned_judge,0,,,
prd;;3:16-cv-03097,prd,3:16-cv-03097,2016,12/07/2016,Judge Jay A. Garcia-Gregory,Judge,Jay A. Garcia-Gregory,6,27,0.0,5.0,case_header,assigned_judge,0,,,
rid;;1:16-cr-00087,rid,1:16-cr-00087,2016,10/11/2016,Magistrate Judge Patricia A. Sullivan,Magistrate Judge,Patricia A. Sullivan,17,37,0.0,16.0,case_parties,referred_judges,1,0.0,1.0,
rid;;1:16-cr-00087,rid,1:16-cr-00087,2016,10/11/2016,"Judge John J. McConnell, Jr.",Judge,"John J. McConnell, Jr.",6,28,0.0,5.0,case_parties,assigned_judge,0,0.0,1.0,
rid;;1:16-cv-00038,rid,1:16-cv-00038,2016,01/27/2016,Patricia A. Sullivan,,Patricia A. Sullivan,0,20,,,case_header,referred_judges,1,,,
rid;;1:16-cv-00038,rid,1:16-cv-00038,2016,01/27/2016,Mary M. Lisi,,Mary M. Lisi,0,12,,,case_header,assigned_judge,0,,,
rid;;1:16-cv-00236,rid,1:16-cv-00236,2016,05/26/2016,Magistrate Judge Patricia A. Sullivan,Magistrate Judge,Patricia A. Sullivan,17,37,0.0,16.0,case_header,referred_judges,1,,,
rid;;1:16-cv-00236,rid,1:16-cv-00236,2016,05/26/2016,Chief Judge William E. Smith,Chief Judge,William E. Smith,12,28,0.0,11.0,case_header,assigned_judge,0,,,
rid;;1:16-cv-00472,rid,1:16-cv-00472,2016,08/24/2016,Magistrate Judge Patricia A. Sullivan,Magistrate Judge,Patricia A. Sullivan,17,37,0.0,16.0,case_header,referred_judges,1,,,
rid;;1:16-cv-00472,rid,1:16-cv-00472,2016,08/24/2016,District Judge Mary S. McElroy,District Judge,Mary S. McElroy,15,30,0.0,14.0,case_header,assigned_judge,0,,,
rid;;1:16-cv-00646,rid,1:16-cv-00646,2016,12/05/2016,Magistrate Judge Patricia A. Sullivan,Magistrate Judge,Patricia A. Sullivan,17,37,0.0,16.0,case_header,referred_judges,1,,,
rid;;1:16-cv-00646,rid,1:16-cv-00646,2016,12/05/2016,Chief Judge William E. Smith,Chief Judge,William E. Smith,12,28,0.0,11.0,case_header,assigned_judge,0,,,
scd;;4:16-cr-00495,scd,4:16-cr-00495,2016,06/29/2016,Magistrate Judge Kaymani D West,Magistrate Judge,Kaymani D West,17,31,0.0,16.0,case_parties,assigned_judge,0,0.0,1.0,
scd;;8:16-cv-03066,scd,8:16-cv-03066,2016,09/09/2016,Donald C. Coggins Jr.,,Donald C. Coggins Jr.,0,21,,,case_header,assigned_judge,0,,,
scd;;8:16-cv-03258,scd,8:16-cv-03258,2016,09/29/2016,Timothy M. Cain,,Timothy M. Cain,0,15,,,case_header,assigned_judge,0,,,
scd;;9:16-cv-01646,scd,9:16-cv-01646,2016,05/23/2016,Honorable Richard M Gergel,Honorable,Richard M Gergel,10,26,0.0,9.0,case_header,assigned_judge,0,,,
sdd;;3:16-cr-30024,sdd,3:16-cr-30024,2016,02/17/2016,US Magistrate Judge Mark A. Moreno,US Magistrate Judge,Mark A. Moreno,20,34,3.0,19.0,case_parties,referred_judges,1,0.0,1.0,
sdd;;3:16-cr-30024,sdd,3:16-cr-30024,2016,02/17/2016,U.S. District Judge Roberto A. Lange,U.S. District Judge,Roberto A. Lange,20,36,5.0,19.0,case_parties,assigned_judge,0,0.0,1.0,
sdd;;3:16-cr-30117,sdd,3:16-cr-30117,2016,08/16/2016,US Magistrate Judge Mark A. Moreno,US Magistrate Judge,Mark A. Moreno,20,34,3.0,19.0,case_parties,assigned_judge,0,0.0,1.0,
sdd;;3:16-cv-03019,sdd,3:16-cv-03019,2016,05/25/2016,Roberto A. Lange,,Roberto A. Lange,0,16,,,case_header,assigned_judge,0,,,
sdd;;4:16-cr-40085,sdd,4:16-cr-40085,2016,08/09/2016,US Magistrate Judge Veronica L. Duffy,US Magistrate Judge,Veronica L. Duffy,20,37,3.0,19.0,case_parties,referred_judges,1,0.0,1.0,
sdd;;4:16-cr-40085,sdd,4:16-cr-40085,2016,08/09/2016,U.S. District Judge Karen E. Schreier,U.S. District Judge,Karen E. Schreier,20,37,5.0,19.0,case_parties,assigned_judge,0,0.0,1.0,
sdd;;5:16-cv-05041,sdd,5:16-cv-05041,2016,06/01/2016,Chief Judge Jeffrey L. Viken,Chief Judge,Jeffrey L. Viken,12,28,0.0,11.0,case_header,assigned_judge,0,,,
tned;;1:16-cv-00512,tned,1:16-cv-00512,2016,12/29/2016,Magistrate Judge Susan K Lee,Magistrate Judge,Susan K Lee,17,28,0.0,16.0,case_header,referred_judges,1,,,
tned;;1:16-cv-00512,tned,1:16-cv-00512,2016,12/29/2016,District Judge Curtis L Collier,District Judge,Curtis L Collier,15,31,0.0,14.0,case_header,assigned_judge,0,,,
tned;;2:16-cr-00021,tned,2:16-cr-00021,2016,03/08/2016,Magistrate Judge MJ Clifton L Corker,Magistrate Judge,MJ Clifton L Corker,17,36,0.0,16.0,case_parties,referred_judges,1,0.0,1.0,
tned;;2:16-cr-00021,tned,2:16-cr-00021,2016,03/08/2016,District Judge Pamela L Reeves,District Judge,Pamela L Reeves,15,30,0.0,14.0,case_parties,assigned_judge,0,0.0,1.0,
tned;;3:16-cr-00062,tned,3:16-cr-00062,2016,05/03/2016,"Magistrate Judge C Clifford Shirley, Jr",Magistrate Judge,"C Clifford Shirley, Jr",17,39,0.0,16.0,case_parties,referred_judges,1,0.0,1.0,
tned;;3:16-cr-00062,tned,3:16-cr-00062,2016,05/03/2016,District Judge Thomas A Varlan,District Judge,Thomas A Varlan,15,30,0.0,14.0,case_parties,assigned_judge,0,0.0,1.0,
tned;;3:16-cr-00062,tned,3:16-cr-00062,2016,05/03/2016,"Magistrate Judge C Clifford Shirley, Jr",Magistrate Judge,"C Clifford Shirley, Jr",17,39,0.0,16.0,case_parties,referred_judges,1,1.0,2.0,
tned;;3:16-cr-00062,tned,3:16-cr-00062,2016,05/03/2016,District Judge Thomas A Varlan,District Judge,Thomas A Varlan,15,30,0.0,14.0,case_parties,assigned_judge,0,1.0,2.0,
tned;;3:16-cr-00062,tned,3:16-cr-00062,2016,05/03/2016,"Magistrate Judge C Clifford Shirley, Jr",Magistrate Judge,"C Clifford Shirley, Jr",17,39,0.0,16.0,case_parties,referred_judges,1,2.0,3.0,
tned;;3:16-cr-00062,tned,3:16-cr-00062,2016,05/03/2016,District Judge Thomas A Varlan,District Judge,Thomas A Varlan,15,30,0.0,14.0,case_parties,assigned_judge,0,2.0,3.0,
tned;;3:16-cv-00033,tned,3:16-cv-00033,2016,01/15/2016,Magistrate Judge H Bruce Guyton,Magistrate Judge,H Bruce Guyton,17,31,0.0,16.0,case_header,referred_judges,1,,,
tned;;3:16-cv-00033,tned,3:16-cv-00033,2016,01/15/2016,District Judge Thomas A Varlan,District Judge,Thomas A Varlan,15,30,0.0,14.0,case_header,assigned_judge,0,,,
tned;;3:16-cv-00315,tned,3:16-cv-00315,2016,06/10/2016,Magistrate Judge H Bruce Guyton,Magistrate Judge,H Bruce Guyton,17,31,0.0,16.0,case_header,referred_judges,1,,,
tned;;3:16-cv-00315,tned,3:16-cv-00315,2016,06/10/2016,District Judge Thomas A Varlan,District Judge,Thomas A Varlan,15,30,0.0,14.0,case_header,assigned_judge,0,,,
tnmd;;3:16-cv-00222,tnmd,3:16-cv-00222,2016,02/16/2016,Jeffery S. Frensley,,Jeffery S. Frensley,0,19,,,case_header,referred_judges,1,,,
tnmd;;3:16-cv-00222,tnmd,3:16-cv-00222,2016,02/16/2016,Aleta A. Trauger,,Aleta A. Trauger,0,16,,,case_header,assigned_judge,0,,,
tnmd;;3:16-cv-00752,tnmd,3:16-cv-00752,2016,04/18/2016,District Judge Aleta A. Trauger,District Judge,Aleta A. Trauger,15,31,0.0,14.0,case_header,assigned_judge,0,,,
tnmd;;3:16-cv-00775,tnmd,3:16-cv-00775,2016,04/22/2016,District Judge Aleta A. Trauger,District Judge,Aleta A. Trauger,15,31,0.0,14.0,case_header,assigned_judge,0,,,
tnmd;;3:16-cv-01783,tnmd,3:16-cv-01783,2016,07/12/2016,"Chief Judge Waverly D. Crenshaw, Jr",Chief Judge,"Waverly D. Crenshaw, Jr",12,35,0.0,11.0,case_header,assigned_judge,0,,,
tnmd;;3:16-cv-02550,tnmd,3:16-cv-02550,2016,10/03/2016,District Judge Todd J. Campbell,District Judge,Todd J. Campbell,15,31,0.0,14.0,case_header,assigned_judge,0,,,
tnwd;;1:16-cr-10042,tnwd,1:16-cr-10042,2016,03/21/2016,Chief Judge S. Thomas Anderson,Chief Judge,S. Thomas Anderson,12,30,0.0,11.0,case_parties,assigned_judge,0,0.0,1.0,
tnwd;;1:16-cv-01136,tnwd,1:16-cv-01136,2016,06/06/2016,Edward G. Bryant,,Edward G. Bryant,0,16,,,case_header,referred_judges,1,,,
tnwd;;1:16-cv-01136,tnwd,1:16-cv-01136,2016,06/06/2016,Daniel Breen,,Daniel Breen,0,12,,,case_header,assigned_judge,0,,,
tnwd;;1:16-cv-01236,tnwd,1:16-cv-01236,2016,08/25/2016,Edward G. Bryant,,Edward G. Bryant,0,16,,,case_header,referred_judges,1,,,
tnwd;;1:16-cv-01236,tnwd,1:16-cv-01236,2016,08/25/2016,S. Thomas Anderson,,S. Thomas Anderson,0,18,,,case_header,assigned_judge,0,,,
tnwd;;1:16-cv-01264,tnwd,1:16-cv-01264,2016,10/04/2016,Magistrate Judge Jon A. York,Magistrate Judge,Jon A. York,17,28,0.0,16.0,case_header,referred_judges,1,,,
tnwd;;1:16-cv-01264,tnwd,1:16-cv-01264,2016,10/04/2016,Judge James D. Todd,Judge,James D. Todd,6,19,0.0,5.0,case_header,assigned_judge,0,,,
tnwd;;2:16-cv-02167,tnwd,2:16-cv-02167,2016,03/16/2016,Magistrate Judge Charmiane G. Claxton,Magistrate Judge,Charmiane G. Claxton,17,37,0.0,16.0,case_header,referred_judges,1,,,
tnwd;;2:16-cv-02167,tnwd,2:16-cv-02167,2016,03/16/2016,"Judge Samuel H. Mays, Jr",Judge,"Samuel H. Mays, Jr",6,24,0.0,5.0,case_header,assigned_judge,0,,,
txed;;1:16-cv-00063,txed,1:16-cv-00063,2016,03/04/2016,Magistrate Judge Zack Hawthorn,Magistrate Judge,Zack Hawthorn,17,30,0.0,16.0,case_header,referred_judges,1,,,
txed;;1:16-cv-00063,txed,1:16-cv-00063,2016,03/04/2016,Judge Ron Clark,Judge,Ron Clark,6,15,0.0,5.0,case_header,assigned_judge,0,,,
txed;;4:16-cv-00516,txed,4:16-cv-00516,2016,07/12/2016,Christine A. Nowak,,Christine A. Nowak,0,18,,,case_header,assigned_judge,0,,,
txed;;4:16-cv-00714,txed,4:16-cv-00714,2016,09/15/2016,Amos L. Mazzant III,,Amos L. Mazzant III,0,19,,,case_header,assigned_judge,0,,,
txnd;;2:16-cv-00206,txnd,2:16-cv-00206,2016,09/26/2016,Senior Judge Mary Lou Robinson,Senior Judge,Mary Lou Robinson,13,30,0.0,12.0,case_header,assigned_judge,0,,,
txnd;;3:16-cv-01092,txnd,3:16-cv-01092,2016,04/21/2016,David C. Godbey,,David C. Godbey,0,15,,,case_header,assigned_judge,0,,,
txnd;;3:16-cv-01872,txnd,3:16-cv-01872,2016,06/29/2016,Judge Ed Kinkeade,Judge,Ed Kinkeade,6,17,0.0,5.0,case_header,assigned_judge,0,,,
txnd;;3:16-cv-02579,txnd,3:16-cv-02579,2016,09/08/2016,Karen Gren Scholer,,Karen Gren Scholer,0,18,,,case_header,assigned_judge,0,,,
txnd;;5:16-cr-00059,txnd,5:16-cr-00059,2016,10/12/2016,Judge James Wesley Hendrix,Judge,James Wesley Hendrix,6,26,0.0,5.0,case_parties,assigned_judge,0,0.0,1.0,
txsd;;4:16-cv-03401,txsd,4:16-cv-03401,2016,11/17/2016,Judge Gray H Miller,Judge,Gray H Miller,6,19,0.0,5.0,case_header,assigned_judge,0,,,
txsd;;4:19-cv-02602,txsd,4:19-cv-02602,2016,11/16/2016,Judge Keith P Ellison,Judge,Keith P Ellison,6,21,0.0,5.0,case_header,assigned_judge,0,,,
txsd;;5:16-cr-00900,txsd,5:16-cr-00900,2016,07/19/2016,Judge Diana Saldana,Judge,Diana Saldana,6,19,0.0,5.0,case_parties,assigned_judge,0,0.0,1.0,
txsd;;7:16-cr-00699,txsd,7:16-cr-00699,2016,05/17/2016,Judge Randy Crane,Judge,Randy Crane,6,17,0.0,5.0,case_parties,assigned_judge,0,0.0,1.0,
txsd;;7:16-cv-00300,txsd,7:16-cv-00300,2016,06/06/2016,Chief Judge Ricardo H Hinojosa,Chief Judge,Ricardo H Hinojosa,12,30,0.0,11.0,case_header,assigned_judge,0,,,
txwd;;3:16-cr-02049,txwd,3:16-cr-02049,2016,11/22/2016,Judge Philip R. Martinez,Judge,Philip R. Martinez,6,24,0.0,5.0,case_parties,assigned_judge,0,0.0,1.0,
txwd;;5:16-cr-00404,txwd,5:16-cr-00404,2016,06/01/2016,Judge Xavier Rodriguez,Judge,Xavier Rodriguez,6,22,0.0,5.0,case_parties,assigned_judge,0,0.0,1.0,
txwd;;5:16-cv-00146,txwd,5:16-cv-00146,2016,02/10/2016,Orlando L. Garcia,,Orlando L. Garcia,0,17,,,case_header,assigned_judge,0,,,
txwd;;6:16-cv-00042,txwd,6:16-cv-00042,2016,03/01/2016,Judge David C Guaderrama,Judge,David C Guaderrama,6,24,0.0,5.0,case_header,assigned_judge,0,,,
txwd;;6:16-cv-00451,txwd,6:16-cv-00451,2016,12/08/2016,Judge Robert Pitman,Judge,Robert Pitman,6,19,0.0,5.0,case_header,assigned_judge,0,,,
utd;;1:16-cr-00059,utd,1:16-cr-00059,2016,10/19/2016,Judge Dale A. Kimball,Judge,Dale A. Kimball,6,21,0.0,5.0,case_parties,assigned_judge,0,0.0,1.0,
utd;;2:16-cv-00123,utd,2:16-cv-00123,2016,02/12/2016,Dustin B. Pead,,Dustin B. Pead,0,14,,,case_header,assigned_judge,0,,,
utd;;2:16-cv-00161,utd,2:16-cv-00161,2016,02/26/2016,Dee Benson,,Dee Benson,0,10,,,case_header,assigned_judge,0,,,
utd;;2:16-cv-00713,utd,2:16-cv-00713,2016,06/24/2016,Judge Tena Campbell,Judge,Tena Campbell,6,19,0.0,5.0,case_header,assigned_judge,0,,,
utd;;2:16-cv-01022,utd,2:16-cv-01022,2016,10/03/2016,Magistrate Judge Evelyn J. Furse,Magistrate Judge,Evelyn J. Furse,17,32,0.0,16.0,case_header,assigned_judge,0,,,
vaed;;1:16-cv-00589,vaed,1:16-cv-00589,2016,05/27/2016,Ivan D. Davis,,Ivan D. Davis,0,13,,,case_header,referred_judges,1,,,
vaed;;1:16-cv-00589,vaed,1:16-cv-00589,2016,05/27/2016,Claude M. Hilton,,Claude M. Hilton,0,16,,,case_header,assigned_judge,0,,,
vaed;;1:16-cv-00678,vaed,1:16-cv-00678,2016,06/16/2016,Magistrate Judge Michael S. Nachmanoff,Magistrate Judge,Michael S. Nachmanoff,17,38,0.0,16.0,case_header,referred_judges,1,,,
vaed;;1:16-cv-00678,vaed,1:16-cv-00678,2016,06/16/2016,"District Judge T. S. Ellis, III",District Judge,"T. S. Ellis, III",15,31,0.0,14.0,case_header,assigned_judge,0,,,
vaed;;1:16-cv-01400,vaed,1:16-cv-01400,2016,11/04/2016,John F. Anderson,,John F. Anderson,0,16,,,case_header,referred_judges,1,,,
vaed;;1:16-cv-01400,vaed,1:16-cv-01400,2016,11/04/2016,James C. Cacheris,,James C. Cacheris,0,17,,,case_header,assigned_judge,0,,,
vaed;;2:16-cv-00487,vaed,2:16-cv-00487,2016,08/10/2016,Magistrate Judge Lawrence R. Leonard,Magistrate Judge,Lawrence R. Leonard,17,36,0.0,16.0,case_header,referred_judges,1,,,
vaed;;2:16-cv-00487,vaed,2:16-cv-00487,2016,08/10/2016,District Judge Arenda L. Wright Allen,District Judge,Arenda L. Wright Allen,15,37,0.0,14.0,case_header,assigned_judge,0,,,
vaed;;3:16-cv-00688,vaed,3:16-cv-00688,2016,08/18/2016,Henry E. Hudson,,Henry E. Hudson,0,15,,,case_header,assigned_judge,0,,,
vawd;;4:16-cv-00047,vawd,4:16-cv-00047,2016,09/30/2016,Magistrate Judge Joel C. Hoppe,Magistrate Judge,Joel C. Hoppe,17,30,0.0,16.0,case_header,referred_judges,1,,,
vawd;;4:16-cv-00047,vawd,4:16-cv-00047,2016,09/30/2016,Judge Jackson L. Kiser,Judge,Jackson L. Kiser,6,22,0.0,5.0,case_header,assigned_judge,0,,,
vawd;;5:16-cv-00014,vawd,5:16-cv-00014,2016,03/22/2016,Joel C. Hoppe,,Joel C. Hoppe,0,13,,,case_header,referred_judges,1,,,
vawd;;5:16-cv-00014,vawd,5:16-cv-00014,2016,03/22/2016,Elizabeth K. Dillon,,Elizabeth K. Dillon,0,19,,,case_header,assigned_judge,0,,,
vawd;;6:16-cv-00004,vawd,6:16-cv-00004,2016,02/10/2016,Robert S. Ballou,,Robert S. Ballou,0,16,,,case_header,referred_judges,1,,,
vawd;;6:16-cv-00004,vawd,6:16-cv-00004,2016,02/10/2016,Norman K. Moon,,Norman K. Moon,0,14,,,case_header,assigned_judge,0,,,
vid;;1:16-cv-00011,vid,1:16-cv-00011,2016,02/17/2016,George W. Cannon,,George W. Cannon,0,16,,,case_header,referred_judges,1,,,
vid;;1:16-cv-00011,vid,1:16-cv-00011,2016,02/17/2016,Wilma A. Lewis,,Wilma A. Lewis,0,14,,,case_header,assigned_judge,0,,,
vid;;1:16-cv-00022,vid,1:16-cv-00022,2016,04/29/2016,US Magistrate Judge George W. Cannon,US Magistrate Judge,George W. Cannon,20,36,3.0,19.0,case_header,referred_judges,1,,,
vid;;1:16-cv-00022,vid,1:16-cv-00022,2016,04/29/2016,Chief Judge Wilma A Lewis,Chief Judge,Wilma A Lewis,12,25,0.0,11.0,case_header,assigned_judge,0,,,
vid;;1:16-cv-00027,vid,1:16-cv-00027,2016,05/25/2016,US Magistrate Judge George W. Cannon,US Magistrate Judge,George W. Cannon,20,36,3.0,19.0,case_header,referred_judges,1,,,
vid;;1:16-cv-00027,vid,1:16-cv-00027,2016,05/25/2016,Chief Judge Wilma A Lewis,Chief Judge,Wilma A Lewis,12,25,0.0,11.0,case_header,assigned_judge,0,,,
vid;;1:16-cv-00059,vid,1:16-cv-00059,2016,08/25/2016,George W. Cannon,,George W. Cannon,0,16,,,case_header,referred_judges,1,,,
vid;;1:16-cv-00059,vid,1:16-cv-00059,2016,08/25/2016,Curtis v. Gomez,,Curtis v. Gomez,0,15,,,case_header,assigned_judge,0,,,
vid;;3:16-cr-00023,vid,3:16-cr-00023,2016,06/09/2016,Magistrate Judge Ruth Miller,Magistrate Judge,Ruth Miller,17,28,0.0,16.0,case_parties,referred_judges,1,0.0,1.0,
vid;;3:16-cr-00023,vid,3:16-cr-00023,2016,06/09/2016,District Judge Curtis V. Gomez,District Judge,Curtis V. Gomez,15,30,0.0,14.0,case_parties,assigned_judge,0,0.0,1.0,
vid;;3:16-cr-00023,vid,3:16-cr-00023,2016,06/09/2016,Magistrate Judge Ruth Miller,Magistrate Judge,Ruth Miller,17,28,0.0,16.0,case_parties,referred_judges,1,1.0,2.0,
vid;;3:16-cr-00023,vid,3:16-cr-00023,2016,06/09/2016,District Judge Curtis V. Gomez,District Judge,Curtis V. Gomez,15,30,0.0,14.0,case_parties,assigned_judge,0,1.0,2.0,
vtd;;1:16-cv-00302,vtd,1:16-cv-00302,2016,11/14/2016,Judge John M. Conroy,Judge,John M. Conroy,6,20,0.0,5.0,case_header,referred_judges,1,,,
vtd;;1:16-cv-00302,vtd,1:16-cv-00302,2016,11/14/2016,District Judge J. Garvan Murtha,District Judge,J. Garvan Murtha,15,31,0.0,14.0,case_header,assigned_judge,0,,,
vtd;;2:16-cv-00022,vtd,2:16-cv-00022,2016,01/26/2016,Judge John M. Conroy,Judge,John M. Conroy,6,20,0.0,5.0,case_header,referred_judges,1,,,
vtd;;2:16-cv-00022,vtd,2:16-cv-00022,2016,01/26/2016,Judge Christina Reiss,Judge,Christina Reiss,6,21,0.0,5.0,case_header,assigned_judge,0,,,
vtd;;2:16-cv-00050,vtd,2:16-cv-00050,2016,02/23/2016,Christina Reiss,,Christina Reiss,0,15,,,case_header,assigned_judge,0,,,
vtd;;2:16-cv-00112,vtd,2:16-cv-00112,2016,04/20/2016,Judge William K. Sessions III,Judge,William K. Sessions III,6,29,0.0,5.0,case_header,assigned_judge,0,,,
vtd;;2:16-cv-00288,vtd,2:16-cv-00288,2016,10/31/2016,William K. Sessions III,,William K. Sessions III,0,23,,,case_header,assigned_judge,0,,,
waed;;1:16-cv-03153,waed,1:16-cv-03153,2016,08/24/2016,Lonny R. Suko,,Lonny R. Suko,0,13,,,case_header,assigned_judge,0,,,
waed;;4:16-cr-06040,waed,4:16-cr-06040,2016,09/13/2016,Judge Stanley A Bastian,Judge,Stanley A Bastian,6,23,0.0,5.0,case_parties,assigned_judge,0,0.0,1.0,
waed;;4:16-cv-05051,waed,4:16-cv-05051,2016,04/19/2016,Chief Judge Thomas O. Rice,Chief Judge,Thomas O. Rice,12,26,0.0,11.0,case_header,assigned_judge,0,,,
wawd;;2:16-cv-00148,wawd,2:16-cv-00148,2016,02/01/2016,U.S. District Judge John C Coughenour,U.S. District Judge,John C Coughenour,20,37,5.0,19.0,case_header,assigned_judge,0,,,
wawd;;2:16-cv-00962,wawd,2:16-cv-00962,2016,06/23/2016,Judge Ricardo S. Martinez,Judge,Ricardo S. Martinez,6,25,0.0,5.0,case_header,assigned_judge,0,,,
wawd;;2:16-cv-01227,wawd,2:16-cv-01227,2016,08/04/2016,U.S. District Judge John C Coughenour,U.S. District Judge,John C Coughenour,20,37,5.0,19.0,case_header,assigned_judge,0,,,
wawd;;2:16-cv-01498,wawd,2:16-cv-01498,2016,09/22/2016,John C. Coughenour,,John C. Coughenour,0,18,,,case_header,assigned_judge,0,,,
wawd;;3:16-cv-05408,wawd,3:16-cv-05408,2016,05/25/2016,Benjamin H. Settle,,Benjamin H. Settle,0,18,,,case_header,assigned_judge,0,,,
wied;;2:16-cv-00197,wied,2:16-cv-00197,2016,02/18/2016,William E. Duffin,,William E. Duffin,0,17,,,case_header,assigned_judge,0,,,
wied;;2:16-cv-00332,wied,2:16-cv-00332,2016,03/17/2016,J. P. Stadtmueller,,J. P. Stadtmueller,0,18,,,case_header,assigned_judge,0,,,
wied;;2:16-cv-00778,wied,2:16-cv-00778,2016,06/22/2016,Judge J P Stadtmueller,Judge,J P Stadtmueller,6,22,0.0,5.0,case_header,assigned_judge,0,,,
wied;;2:16-cv-01098,wied,2:16-cv-01098,2016,08/16/2016,Judge J P Stadtmueller,Judge,J P Stadtmueller,6,22,0.0,5.0,case_header,assigned_judge,0,,,
wied;;2:16-cv-01380,wied,2:16-cv-01380,2016,10/14/2016,Judge J P Stadtmueller,Judge,J P Stadtmueller,6,22,0.0,5.0,case_header,assigned_judge,0,,,
wiwd;;3:16-cr-00090,wiwd,3:16-cr-00090,2016,10/31/2016,Magistrate Judge Stephen L. Crocker,Magistrate Judge,Stephen L. Crocker,17,35,0.0,16.0,case_parties,referred_judges,1,0.0,1.0,
wiwd;;3:16-cr-00090,wiwd,3:16-cr-00090,2016,10/31/2016,District Judge James D. Peterson,District Judge,James D. Peterson,15,32,0.0,14.0,case_parties,assigned_judge,0,0.0,1.0,
wiwd;;3:16-cr-00098,wiwd,3:16-cr-00098,2016,11/30/2016,Magistrate Judge Stephen L. Crocker,Magistrate Judge,Stephen L. Crocker,17,35,0.0,16.0,case_parties,referred_judges,1,0.0,1.0,
wiwd;;3:16-cr-00098,wiwd,3:16-cr-00098,2016,11/30/2016,District Judge Barbara B. Crabb,District Judge,Barbara B. Crabb,15,31,0.0,14.0,case_parties,assigned_judge,0,0.0,1.0,
wiwd;;3:16-cv-00268,wiwd,3:16-cv-00268,2016,04/22/2016,Stephen L. Crocker,,Stephen L. Crocker,0,18,,,case_header,referred_judges,1,,,
wiwd;;3:16-cv-00268,wiwd,3:16-cv-00268,2016,04/22/2016,James D. Peterson,,James D. Peterson,0,17,,,case_header,assigned_judge,0,,,
wiwd;;3:16-cv-00718,wiwd,3:16-cv-00718,2016,11/01/2016,Magistrate Judge Stephen L. Crocker,Magistrate Judge,Stephen L. Crocker,17,35,0.0,16.0,case_header,referred_judges,1,,,
wiwd;;3:16-cv-00718,wiwd,3:16-cv-00718,2016,11/01/2016,District Judge James D. Peterson,District Judge,James D. Peterson,15,32,0.0,14.0,case_header,assigned_judge,0,,,
wvnd;;1:16-cr-00022,wvnd,1:16-cr-00022,2016,04/05/2016,Magistrate Judge Michael John Aloi,Magistrate Judge,Michael John Aloi,17,34,0.0,16.0,case_parties,referred_judges,1,0.0,1.0,
wvnd;;1:16-cr-00022,wvnd,1:16-cr-00022,2016,04/05/2016,District Judge Irene M. Keeley,District Judge,Irene M. Keeley,15,30,0.0,14.0,case_parties,assigned_judge,0,0.0,1.0,
wvnd;;2:16-cv-00101,wvnd,2:16-cv-00101,2016,11/21/2016,Magistrate Judge Robert W. Trumble,Magistrate Judge,Robert W. Trumble,17,34,0.0,16.0,case_header,referred_judges,1,,,
wvnd;;2:16-cv-00101,wvnd,2:16-cv-00101,2016,11/21/2016,District Judge John Preston Bailey,District Judge,John Preston Bailey,15,34,0.0,14.0,case_header,assigned_judge,0,,,
wvnd;;5:16-cv-00098,wvnd,5:16-cv-00098,2016,06/23/2016,"Senior Judge Frederick P. Stamp, Jr",Senior Judge,"Frederick P. Stamp, Jr",13,35,0.0,12.0,case_header,assigned_judge,0,,,
wvnd;;5:16-cv-00103,wvnd,5:16-cv-00103,2016,06/27/2016,"Senior Judge Frederick P. Stamp, Jr",Senior Judge,"Frederick P. Stamp, Jr",13,35,0.0,12.0,case_header,assigned_judge,0,,,
wvsd;;1:16-cv-04965,wvsd,1:16-cv-04965,2016,06/01/2016,Judge David A. Faber,Judge,David A. Faber,6,20,0.0,5.0,case_header,assigned_judge,0,,,
wvsd;;2:16-cv-00707,wvsd,2:16-cv-00707,2016,01/22/2016,Joseph R. Goodwin,,Joseph R. Goodwin,0,17,,,case_header,assigned_judge,0,,,
wvsd;;2:16-cv-08278,wvsd,2:16-cv-08278,2016,08/26/2016,Joseph R. Goodwin,,Joseph R. Goodwin,0,17,,,case_header,assigned_judge,0,,,
wvsd;;2:16-cv-09209,wvsd,2:16-cv-09209,2016,09/28/2016,Joseph R. Goodwin,,Joseph R. Goodwin,0,17,,,case_header,assigned_judge,0,,,
wvsd;;2:16-cv-10058,wvsd,2:16-cv-10058,2016,10/25/2016,Joseph R. Goodwin,,Joseph R. Goodwin,0,17,,,case_header,assigned_judge,0,,,
wyd;;1:16-cr-00139,wyd,1:16-cr-00139,2016,07/20/2016,Honorable Scott W Skavdahl,Honorable,Scott W Skavdahl,10,26,0.0,9.0,case_parties,assigned_judge,0,0.0,1.0,
wyd;;2:16-cr-00018,wyd,2:16-cr-00018,2016,01/14/2016,Honorable Scott W Skavdahl,Honorable,Scott W Skavdahl,10,26,0.0,9.0,case_parties,assigned_judge,0,0.0,1.0,
wyd;;2:16-cr-00018,wyd,2:16-cr-00018,2016,01/14/2016,Honorable Scott W Skavdahl,Honorable,Scott W Skavdahl,10,26,0.0,9.0,case_parties,assigned_judge,0,1.0,2.0,
wyd;;2:16-cr-00018,wyd,2:16-cr-00018,2016,01/14/2016,Honorable Scott W Skavdahl,Honorable,Scott W Skavdahl,10,26,0.0,9.0,case_parties,assigned_judge,0,2.0,3.0,
wyd;;2:16-cv-00087,wyd,2:16-cv-00087,2016,04/28/2016,Honorable Kelly H Rankin,Honorable,Kelly H Rankin,10,24,0.0,9.0,case_header,referred_judges,1,,,
wyd;;2:16-cv-00087,wyd,2:16-cv-00087,2016,04/28/2016,Honorable Scott W Skavdahl,Honorable,Scott W Skavdahl,10,26,0.0,9.0,case_header,assigned_judge,0,,,
wyd;;2:16-cv-00225,wyd,2:16-cv-00225,2016,08/25/2016,Honorable Kelly H Rankin,Honorable,Kelly H Rankin,10,24,0.0,9.0,case_header,referred_judges,1,,,
wyd;;2:16-cv-00225,wyd,2:16-cv-00225,2016,08/25/2016,Honorable Scott W Skavdahl,Honorable,Scott W Skavdahl,10,26,0.0,9.0,case_header,assigned_judge,0,,,
wyd;;5:16-cr-00111,wyd,5:16-cr-00111,2016,06/13/2016,Honorable Mark L Carman,Honorable,Mark L Carman,10,23,0.0,9.0,case_parties,assigned_judge,0,0.0,1.0,
